l3_code,l3_name,l2_code,l2_name,l1_code,l1_name
sw3_430303,房地产综合服务,sw2_430300,房地产服务,sw1_430000,房地产
sw3_240602,镍,sw2_240600,能源金属,sw1_240000,有色金属
sw3_720706,其他数字媒体,sw2_720700,数字媒体,sw1_720000,传媒
sw3_770302,医美服务,sw2_770300,医疗美容,sw1_770000,美容护理
sw3_770301,医美耗材,sw2_770300,医疗美容,sw1_770000,美容护理
sw3_770202,品牌化妆品,sw2_770200,化妆品,sw1_770000,美容护理
sw3_770201,化妆品制造及其他,sw2_770200,化妆品,sw1_770000,美容护理
sw3_770102,洗护用品,sw2_770100,个护用品,sw1_770000,美容护理
sw3_770101,生活用纸,sw2_770100,个护用品,sw1_770000,美容护理
sw3_760201,环保设备Ⅲ,sw2_760200,环保设备Ⅱ,sw1_760000,环保
sw3_760104,综合环境治理,sw2_760100,环境治理,sw1_760000,环保
sw3_760103,固废治理,sw2_760100,环境治理,sw1_760000,环保
sw3_760102,水务及水治理,sw2_760100,环境治理,sw1_760000,环保
sw3_760101,大气治理,sw2_760100,环境治理,sw1_760000,环保
sw3_750303,其他石化,sw2_750300,炼化及贸易,sw1_750000,石油石化
sw3_750302,油品石化贸易,sw2_750300,炼化及贸易,sw1_750000,石油石化
sw3_750301,炼油化工,sw2_750300,炼化及贸易,sw1_750000,石油石化
sw3_750202,油气及炼化工程,sw2_750200,油服工程,sw1_750000,石油石化
sw3_750201,油田服务,sw2_750200,油服工程,sw1_750000,石油石化
sw3_750101,油气开采Ⅲ,sw2_750100,油气开采Ⅱ,sw1_750000,石油石化
sw3_740201,焦炭Ⅲ,sw2_740200,焦炭Ⅱ,sw1_740000,煤炭
sw3_740102,焦煤,sw2_740100,煤炭开采,sw1_740000,煤炭
sw3_740101,动力煤,sw2_740100,煤炭开采,sw1_740000,煤炭
sw3_730207,其他通信设备,sw2_730200,通信设备,sw1_730000,通信
sw3_730206,通信终端及配件,sw2_730200,通信设备,sw1_730000,通信
sw3_730205,通信线缆及配套,sw2_730200,通信设备,sw1_730000,通信
sw3_730204,通信网络设备及器件,sw2_730200,通信设备,sw1_730000,通信
sw3_730104,通信应用增值服务,sw2_730100,通信服务,sw1_730000,通信
sw3_730103,通信工程及服务,sw2_730100,通信服务,sw1_730000,通信
sw3_730102,电信运营商,sw2_730100,通信服务,sw1_730000,通信
sw3_721001,电视广播Ⅲ,sw2_721000,电视广播Ⅱ,sw1_720000,传媒
sw3_720902,大众出版,sw2_720900,出版,sw1_720000,传媒
sw3_720901,教育出版,sw2_720900,出版,sw1_720000,传媒
sw3_720705,文字媒体,sw2_720700,数字媒体,sw1_720000,传媒
sw3_720704,门户网站,sw2_720700,数字媒体,sw1_720000,传媒
sw3_720703,图片媒体,sw2_720700,数字媒体,sw1_720000,传媒
sw3_720701,视频媒体,sw2_720700,数字媒体,sw1_720000,传媒
sw3_720602,院线,sw2_720600,影视院线,sw1_720000,传媒
sw3_720601,影视动漫制作,sw2_720600,影视院线,sw1_720000,传媒
sw3_720502,广告媒体,sw2_720500,广告营销,sw1_720000,传媒
sw3_720501,营销代理,sw2_720500,广告营销,sw1_720000,传媒
sw3_720401,游戏Ⅲ,sw2_720400,游戏Ⅱ,sw1_720000,传媒
sw3_710402,横向通用软件,sw2_710400,软件开发,sw1_710000,计算机
sw3_710401,垂直应用软件,sw2_710400,软件开发,sw1_710000,计算机
sw3_710301,IT服务Ⅲ,sw2_710300,IT服务Ⅱ,sw1_710000,计算机
sw3_710103,其他计算机设备,sw2_710100,计算机设备,sw1_710000,计算机
sw3_710102,安防设备,sw2_710100,计算机设备,sw1_710000,计算机
sw3_650501,军工电子Ⅲ,sw2_650500,军工电子Ⅱ,sw1_650000,国防军工
sw3_640704,其他自动化设备,sw2_640700,自动化设备,sw1_640000,机械设备
sw3_640703,激光设备,sw2_640700,自动化设备,sw1_640000,机械设备
sw3_640702,工控设备,sw2_640700,自动化设备,sw1_640000,机械设备
sw3_640701,机器人,sw2_640700,自动化设备,sw1_640000,机械设备
sw3_640602,工程机械器件,sw2_640600,工程机械,sw1_640000,机械设备
sw3_640601,工程机械整机,sw2_640600,工程机械,sw1_640000,机械设备
sw3_640108,金属制品,sw2_640100,通用设备,sw1_640000,机械设备
sw3_640107,仪器仪表,sw2_640100,通用设备,sw1_640000,机械设备
sw3_630805,线缆部件及其他,sw2_630800,电网设备,sw1_630000,电力设备
sw3_630804,电工仪器仪表,sw2_630800,电网设备,sw1_630000,电力设备
sw3_630803,电网自动化设备,sw2_630800,电网设备,sw1_630000,电力设备
sw3_630802,配电设备,sw2_630800,电网设备,sw1_630000,电力设备
sw3_630801,输变电设备,sw2_630800,电网设备,sw1_630000,电力设备
sw3_630705,蓄电池及其他电池,sw2_630700,电池,sw1_630000,电力设备
sw3_630704,燃料电池,sw2_630700,电池,sw1_630000,电力设备
sw3_630703,锂电专用设备,sw2_630700,电池,sw1_630000,电力设备
sw3_630702,电池化学品,sw2_630700,电池,sw1_630000,电力设备
sw3_630701,锂电池,sw2_630700,电池,sw1_630000,电力设备
sw3_630602,风电零部件,sw2_630600,风电设备,sw1_630000,电力设备
sw3_630601,风电整机,sw2_630600,风电设备,sw1_630000,电力设备
sw3_630505,光伏加工设备,sw2_630500,光伏设备,sw1_630000,电力设备
sw3_630504,光伏辅材,sw2_630500,光伏设备,sw1_630000,电力设备
sw3_630503,逆变器,sw2_630500,光伏设备,sw1_630000,电力设备
sw3_630502,光伏电池组件,sw2_630500,光伏设备,sw1_630000,电力设备
sw3_630501,硅料硅片,sw2_630500,光伏设备,sw1_630000,电力设备
sw3_620601,工程咨询服务Ⅲ,sw2_620600,工程咨询服务Ⅱ,sw1_620000,建筑装饰
sw3_620307,园林工程,sw2_620300,基础建设,sw1_620000,建筑装饰
sw3_620306,基建市政工程,sw2_620300,基础建设,sw1_620000,建筑装饰
sw3_610305,涂料,sw2_610300,装修建材,sw1_610000,建筑材料
sw3_610304,防水材料,sw2_610300,装修建材,sw1_610000,建筑材料
sw3_610202,玻纤制造,sw2_610200,玻璃玻纤,sw1_610000,建筑材料
sw3_610102,水泥制品,sw2_610100,水泥,sw1_610000,建筑材料
sw3_490308,其他多元金融,sw2_490300,多元金融,sw1_490000,非银金融
sw3_490307,资产管理,sw2_490300,多元金融,sw1_490000,非银金融
sw3_490306,金融信息服务,sw2_490300,多元金融,sw1_490000,非银金融
sw3_490305,租赁,sw2_490300,多元金融,sw1_490000,非银金融
sw3_490304,信托,sw2_490300,多元金融,sw1_490000,非银金融
sw3_490303,期货,sw2_490300,多元金融,sw1_490000,非银金融
sw3_490302,金融控股,sw2_490300,多元金融,sw1_490000,非银金融
sw3_480501,农商行Ⅲ,sw2_480500,农商行Ⅱ,sw1_480000,银行
sw3_480401,城商行Ⅲ,sw2_480400,城商行Ⅱ,sw1_480000,银行
sw3_480301,股份制银行Ⅲ,sw2_480300,股份制银行Ⅱ,sw1_480000,银行
sw3_480201,国有大型银行Ⅲ,sw2_480200,国有大型银行Ⅱ,sw1_480000,银行
sw3_461103,教育运营及其他,sw2_461100,教育,sw1_460000,社会服务
sw3_461102,培训教育,sw2_461100,教育,sw1_460000,社会服务
sw3_461101,学历教育,sw2_461100,教育,sw1_460000,社会服务
sw3_461004,旅游综合,sw2_461000,旅游及景区,sw1_460000,社会服务
sw3_461003,自然景区,sw2_461000,旅游及景区,sw1_460000,社会服务
sw3_461002,人工景区,sw2_461000,旅游及景区,sw1_460000,社会服务
sw3_460902,餐饮,sw2_460900,酒店餐饮,sw1_460000,社会服务
sw3_460901,酒店,sw2_460900,酒店餐饮,sw1_460000,社会服务
sw3_460804,其他专业服务,sw2_460800,专业服务,sw1_460000,社会服务
sw3_460803,会展服务,sw2_460800,专业服务,sw1_460000,社会服务
sw3_460802,检测服务,sw2_460800,专业服务,sw1_460000,社会服务
sw3_460801,人力资源服务,sw2_460800,专业服务,sw1_460000,社会服务
sw3_460601,体育Ⅲ,sw2_460600,体育Ⅱ,sw1_460000,社会服务
sw3_450701,旅游零售Ⅲ,sw2_450700,旅游零售Ⅱ,sw1_450000,商贸零售
sw3_450603,电商服务,sw2_450600,互联网电商,sw1_450000,商贸零售
sw3_450602,跨境电商,sw2_450600,互联网电商,sw1_450000,商贸零售
sw3_450601,综合电商,sw2_450600,互联网电商,sw1_450000,商贸零售
sw3_450304,商业物业经营,sw2_450300,一般零售,sw1_450000,商贸零售
sw3_430302,房产租赁经纪,sw2_430300,房地产服务,sw1_430000,房地产
sw3_430301,物业管理,sw2_430300,房地产服务,sw1_430000,房地产
sw3_430103,产业地产,sw2_430100,房地产开发,sw1_430000,房地产
sw3_430102,商业地产,sw2_430100,房地产开发,sw1_430000,房地产
sw3_421102,港口,sw2_421100,航运港口,sw1_420000,交通运输
sw3_421101,航运,sw2_421100,航运港口,sw1_420000,交通运输
sw3_421002,机场,sw2_421000,航空机场,sw1_420000,交通运输
sw3_421001,航空运输,sw2_421000,航空机场,sw1_420000,交通运输
sw3_420903,铁路运输,sw2_420900,铁路公路,sw1_420000,交通运输
sw3_420902,公交,sw2_420900,铁路公路,sw1_420000,交通运输
sw3_420901,高速公路,sw2_420900,铁路公路,sw1_420000,交通运输
sw3_420807,公路货运,sw2_420800,物流,sw1_420000,交通运输
sw3_420806,仓储物流,sw2_420800,物流,sw1_420000,交通运输
sw3_420805,跨境物流,sw2_420800,物流,sw1_420000,交通运输
sw3_420804,快递,sw2_420800,物流,sw1_420000,交通运输
sw3_420803,中间产品及消费品供应链服务,sw2_420800,物流,sw1_420000,交通运输
sw3_420802,原材料供应链服务,sw2_420800,物流,sw1_420000,交通运输
sw3_410110,电能综合服务,sw2_410100,电力,sw1_410000,公用事业
sw3_410109,其他能源发电,sw2_410100,电力,sw1_410000,公用事业
sw3_410108,核力发电,sw2_410100,电力,sw1_410000,公用事业
sw3_410107,风力发电,sw2_410100,电力,sw1_410000,公用事业
sw3_410106,光伏发电,sw2_410100,电力,sw1_410000,公用事业
sw3_370605,其他医疗服务,sw2_370600,医疗服务,sw1_370000,医药生物
sw3_370604,医院,sw2_370600,医疗服务,sw1_370000,医药生物
sw3_370603,医疗研发外包,sw2_370600,医疗服务,sw1_370000,医药生物
sw3_370602,诊断服务,sw2_370600,医疗服务,sw1_370000,医药生物
sw3_370504,体外诊断,sw2_370500,医疗器械,sw1_370000,医药生物
sw3_370503,医疗耗材,sw2_370500,医疗器械,sw1_370000,医药生物
sw3_370502,医疗设备,sw2_370500,医疗器械,sw1_370000,医药生物
sw3_370403,线下药店,sw2_370400,医药商业,sw1_370000,医药生物
sw3_370402,医药流通,sw2_370400,医药商业,sw1_370000,医药生物
sw3_370304,其他生物制品,sw2_370300,生物制品,sw1_370000,医药生物
sw3_370303,疫苗,sw2_370300,生物制品,sw1_370000,医药生物
sw3_370302,血液制品,sw2_370300,生物制品,sw1_370000,医药生物
sw3_360502,娱乐用品,sw2_360500,文娱用品,sw1_360000,轻工制造
sw3_360501,文化用品,sw2_360500,文娱用品,sw1_360000,轻工制造
sw3_360311,其他家居用品,sw2_360300,家居用品,sw1_360000,轻工制造
sw3_360309,卫浴制品,sw2_360300,家居用品,sw1_360000,轻工制造
sw3_360308,定制家居,sw2_360300,家居用品,sw1_360000,轻工制造
sw3_360307,成品家居,sw2_360300,家居用品,sw1_360000,轻工制造
sw3_360306,瓷砖地板,sw2_360300,家居用品,sw1_360000,轻工制造
sw3_360206,综合包装,sw2_360200,包装印刷,sw1_360000,轻工制造
sw3_360205,纸包装,sw2_360200,包装印刷,sw1_360000,轻工制造
sw3_360204,塑料包装,sw2_360200,包装印刷,sw1_360000,轻工制造
sw3_360203,金属包装,sw2_360200,包装印刷,sw1_360000,轻工制造
sw3_360202,印刷,sw2_360200,包装印刷,sw1_360000,轻工制造
sw3_360103,特种纸,sw2_360100,造纸,sw1_360000,轻工制造
sw3_360102,大宗用纸,sw2_360100,造纸,sw1_360000,轻工制造
sw3_350303,其他饰品,sw2_350300,饰品,sw1_350000,纺织服饰
sw3_350301,钟表珠宝,sw2_350300,饰品,sw1_350000,纺织服饰
sw3_350209,非运动服装,sw2_350200,服装家纺,sw1_350000,纺织服饰
sw3_350208,运动服装,sw2_350200,服装家纺,sw1_350000,纺织服饰
sw3_350107,纺织鞋类制造,sw2_350100,纺织制造,sw1_350000,纺织服饰
sw3_340901,调味发酵品Ⅲ,sw2_340900,调味发酵品Ⅱ,sw1_340000,食品饮料
sw3_340803,熟食,sw2_340800,休闲食品,sw1_340000,食品饮料
sw3_340802,烘焙食品,sw2_340800,休闲食品,sw1_340000,食品饮料
sw3_340801,零食,sw2_340800,休闲食品,sw1_340000,食品饮料
sw3_340702,乳品,sw2_340700,饮料乳品,sw1_340000,食品饮料
sw3_340701,软饮料,sw2_340700,饮料乳品,sw1_340000,食品饮料
sw3_340602,其他酒类,sw2_340600,非白酒,sw1_340000,食品饮料
sw3_340601,啤酒,sw2_340600,非白酒,sw1_340000,食品饮料
sw3_340501,白酒Ⅲ,sw2_340500,白酒Ⅱ,sw1_340000,食品饮料
sw3_340407,保健品,sw2_340400,食品加工,sw1_340000,食品饮料
sw3_340406,预加工食品,sw2_340400,食品加工,sw1_340000,食品饮料
sw3_330701,其他家电Ⅲ,sw2_330700,其他家电Ⅱ,sw1_330000,家用电器
sw3_330601,家电零部件Ⅲ,sw2_330600,家电零部件Ⅱ,sw1_330000,家用电器
sw3_330501,照明设备Ⅲ,sw2_330500,照明设备Ⅱ,sw1_330000,家用电器
sw3_330402,卫浴电器,sw2_330400,厨卫电器,sw1_330000,家用电器
sw3_330401,厨房电器,sw2_330400,厨卫电器,sw1_330000,家用电器
sw3_330303,个护小家电,sw2_330300,小家电,sw1_330000,家用电器
sw3_330302,清洁小家电,sw2_330300,小家电,sw1_330000,家用电器
sw3_330301,厨房小家电,sw2_330300,小家电,sw1_330000,家用电器
sw3_330106,冰洗,sw2_330100,白色家电,sw1_330000,家用电器
sw3_280602,商用载客车,sw2_280600,商用车,sw1_280000,汽车
sw3_280601,商用载货车,sw2_280600,商用车,sw1_280000,汽车
sw3_280502,综合乘用车,sw2_280500,乘用车,sw1_280000,汽车
sw3_280501,电动乘用车,sw2_280500,乘用车,sw1_280000,汽车
sw3_280402,摩托车,sw2_280400,摩托车及其他,sw1_280000,汽车
sw3_280303,汽车综合服务,sw2_280300,汽车服务,sw1_280000,汽车
sw3_280302,汽车经销商,sw2_280300,汽车服务,sw1_280000,汽车
sw3_280206,汽车电子电气系统,sw2_280200,汽车零部件,sw1_280000,汽车
sw3_280205,其他汽车零部件,sw2_280200,汽车零部件,sw1_280000,汽车
sw3_280204,轮胎轮毂,sw2_280200,汽车零部件,sw1_280000,汽车
sw3_280203,底盘与发动机系统,sw2_280200,汽车零部件,sw1_280000,汽车
sw3_280202,车身附件及饰件,sw2_280200,汽车零部件,sw1_280000,汽车
sw3_270601,电子化学品Ⅲ,sw2_270600,电子化学品Ⅱ,sw1_270000,电子
sw3_270504,消费电子零部件及组装,sw2_270500,消费电子,sw1_270000,电子
sw3_270503,品牌消费电子,sw2_270500,消费电子,sw1_270000,电子
sw3_270108,半导体设备,sw2_270100,半导体,sw1_270000,电子
sw3_270107,集成电路封测,sw2_270100,半导体,sw1_270000,电子
sw3_270106,集成电路制造,sw2_270100,半导体,sw1_270000,电子
sw3_270105,模拟芯片设计,sw2_270100,半导体,sw1_270000,电子
sw3_270104,数字芯片设计,sw2_270100,半导体,sw1_270000,电子
sw3_240603,锂,sw2_240600,能源金属,sw1_240000,有色金属
sw3_240601,钴,sw2_240600,能源金属,sw1_240000,有色金属
sw3_240505,钼,sw2_240500,小金属,sw1_240000,有色金属
sw3_240402,白银,sw2_240400,贵金属,sw1_240000,有色金属
sw3_230501,特钢Ⅲ,sw2_230500,特钢Ⅱ,sw1_230000,钢铁
sw3_230403,钢铁管材,sw2_230400,普钢,sw1_230000,钢铁
sw3_230402,板材,sw2_230400,普钢,sw1_230000,钢铁
sw3_230401,长材,sw2_230400,普钢,sw1_230000,钢铁
sw3_230302,冶钢辅料,sw2_230300,冶钢原料,sw1_230000,钢铁
sw3_230301,铁矿石,sw2_230300,冶钢原料,sw1_230000,钢铁
sw3_220901,非金属材料Ⅲ,sw2_220900,非金属材料Ⅱ,sw1_220000,基础化工
sw3_220805,复合肥,sw2_220800,农化制品,sw1_220000,基础化工
sw3_220804,钾肥,sw2_220800,农化制品,sw1_220000,基础化工
sw3_220803,农药,sw2_220800,农化制品,sw1_220000,基础化工
sw3_220802,磷肥及磷化工,sw2_220800,农化制品,sw1_220000,基础化工
sw3_220801,氮肥,sw2_220800,农化制品,sw1_220000,基础化工
sw3_220604,橡胶助剂,sw2_220600,橡胶,sw1_220000,基础化工
sw3_220505,膜材料,sw2_220500,塑料,sw1_220000,基础化工
sw3_220504,合成树脂,sw2_220500,塑料,sw1_220000,基础化工
sw3_220406,锦纶,sw2_220400,化学纤维,sw1_220000,基础化工
sw3_220317,胶黏剂及胶带,sw2_220300,化学制品,sw1_220000,基础化工
sw3_220316,有机硅,sw2_220300,化学制品,sw1_220000,基础化工
sw3_220315,食品及饲料添加剂,sw2_220300,化学制品,sw1_220000,基础化工
sw3_220206,钛白粉,sw2_220200,化学原料,sw1_220000,基础化工
sw3_220205,煤化工,sw2_220200,化学原料,sw1_220000,基础化工
sw3_110901,农业综合Ⅲ,sw2_110900,农业综合Ⅱ,sw1_110000,农林牧渔
sw3_110704,其他养殖,sw2_110700,养殖业,sw1_110000,农林牧渔
sw3_110703,肉鸡养殖,sw2_110700,养殖业,sw1_110000,农林牧渔
sw3_110702,生猪养殖,sw2_110700,养殖业,sw1_110000,农林牧渔
sw3_110404,宠物食品,sw2_110400,饲料,sw1_110000,农林牧渔
sw3_110403,水产饲料,sw2_110400,饲料,sw1_110000,农林牧渔
sw3_110402,畜禽饲料,sw2_110400,饲料,sw1_110000,农林牧渔
sw3_110104,食用菌,sw2_110100,种植业,sw1_110000,农林牧渔
sw3_650401,航海装备Ⅲ,sw2_650400,航海装备Ⅱ,sw1_650000,国防军工
sw3_650301,地面兵装Ⅲ,sw2_650300,地面兵装Ⅱ,sw1_650000,国防军工
sw3_650201,航空装备Ⅲ,sw2_650200,航空装备Ⅱ,sw1_650000,国防军工
sw3_650101,航天装备Ⅲ,sw2_650100,航天装备Ⅱ,sw1_650000,国防军工
sw3_640501,轨交设备Ⅲ,sw2_640500,轨交设备Ⅱ,sw1_640000,机械设备
sw3_640209,其他专用设备,sw2_640200,专用设备,sw1_640000,机械设备
sw3_640208,印刷包装机械,sw2_640200,专用设备,sw1_640000,机械设备
sw3_640207,农用机械,sw2_640200,专用设备,sw1_640000,机械设备
sw3_640206,纺织服装设备,sw2_640200,专用设备,sw1_640000,机械设备
sw3_640204,楼宇设备,sw2_640200,专用设备,sw1_640000,机械设备
sw3_640203,能源及重型设备,sw2_640200,专用设备,sw1_640000,机械设备
sw3_640106,其他通用设备,sw2_640100,通用设备,sw1_640000,机械设备
sw3_640105,制冷空调设备,sw2_640100,通用设备,sw1_640000,机械设备
sw3_640103,磨具磨料,sw2_640100,通用设备,sw1_640000,机械设备
sw3_640101,机床工具,sw2_640100,通用设备,sw1_640000,机械设备
sw3_630306,其他电源设备Ⅲ,sw2_630300,其他电源设备Ⅱ,sw1_630000,电力设备
sw3_630304,火电设备,sw2_630300,其他电源设备Ⅱ,sw1_630000,电力设备
sw3_630301,综合电力设备商,sw2_630300,其他电源设备Ⅱ,sw1_630000,电力设备
sw3_630101,电机Ⅲ,sw2_630100,电机Ⅱ,sw1_630000,电力设备
sw3_620404,其他专业工程,sw2_620400,专业工程,sw1_620000,建筑装饰
sw3_620403,国际工程,sw2_620400,专业工程,sw1_620000,建筑装饰
sw3_620402,化学工程,sw2_620400,专业工程,sw1_620000,建筑装饰
sw3_620401,钢结构,sw2_620400,专业工程,sw1_620000,建筑装饰
sw3_620201,装修装饰Ⅲ,sw2_620200,装修装饰Ⅱ,sw1_620000,建筑装饰
sw3_620101,房屋建设Ⅲ,sw2_620100,房屋建设Ⅱ,sw1_620000,建筑装饰
sw3_610303,其他建材,sw2_610300,装修建材,sw1_610000,建筑材料
sw3_610302,管材,sw2_610300,装修建材,sw1_610000,建筑材料
sw3_610301,耐火材料,sw2_610300,装修建材,sw1_610000,建筑材料
sw3_610201,玻璃制造,sw2_610200,玻璃玻纤,sw1_610000,建筑材料
sw3_610101,水泥制造,sw2_610100,水泥,sw1_610000,建筑材料
sw3_510101,综合Ⅲ,sw2_510100,综合Ⅱ,sw1_510000,综合
sw3_490201,保险Ⅲ,sw2_490200,保险Ⅱ,sw1_490000,非银金融
sw3_490101,证券Ⅲ,sw2_490100,证券Ⅱ,sw1_490000,非银金融
sw3_450401,专业连锁Ⅲ,sw2_450400,专业连锁Ⅱ,sw1_450000,商贸零售
sw3_450303,多业态零售,sw2_450300,一般零售,sw1_450000,商贸零售
sw3_450302,超市,sw2_450300,一般零售,sw1_450000,商贸零售
sw3_450301,百货,sw2_450300,一般零售,sw1_450000,商贸零售
sw3_450201,贸易Ⅲ,sw2_450200,贸易Ⅱ,sw1_450000,商贸零售
sw3_430101,住宅开发,sw2_430100,房地产开发,sw1_430000,房地产
sw3_410301,燃气Ⅲ,sw2_410300,燃气Ⅱ,sw1_410000,公用事业
sw3_410104,热力服务,sw2_410100,电力,sw1_410000,公用事业
sw3_410102,水力发电,sw2_410100,电力,sw1_410000,公用事业
sw3_410101,火力发电,sw2_410100,电力,sw1_410000,公用事业
sw3_370201,中药Ⅲ,sw2_370200,中药Ⅱ,sw1_370000,医药生物
sw3_370102,化学制剂,sw2_370100,化学制药,sw1_370000,医药生物
sw3_370101,原料药,sw2_370100,化学制药,sw1_370000,医药生物
sw3_350206,家纺,sw2_350200,服装家纺,sw1_350000,纺织服饰
sw3_350205,鞋帽及其他,sw2_350200,服装家纺,sw1_350000,纺织服饰
sw3_350106,其他纺织,sw2_350100,纺织制造,sw1_350000,纺织服饰
sw3_350105,辅料,sw2_350100,纺织制造,sw1_350000,纺织服饰
sw3_350104,印染,sw2_350100,纺织制造,sw1_350000,纺织服饰
sw3_350102,棉纺,sw2_350100,纺织制造,sw1_350000,纺织服饰
sw3_340401,肉制品,sw2_340400,食品加工,sw1_340000,食品饮料
sw3_330202,其他黑色家电,sw2_330200,黑色家电,sw1_330000,家用电器
sw3_330201,彩电,sw2_330200,黑色家电,sw1_330000,家用电器
sw3_330102,空调,sw2_330100,白色家电,sw1_330000,家用电器
sw3_280401,其他运输设备,sw2_280400,摩托车及其他,sw1_280000,汽车
sw3_270401,其他电子Ⅲ,sw2_270400,其他电子Ⅱ,sw1_270000,电子
sw3_270303,光学元件,sw2_270300,光学光电子,sw1_270000,电子
sw3_270302,LED,sw2_270300,光学光电子,sw1_270000,电子
sw3_270301,面板,sw2_270300,光学光电子,sw1_270000,电子
sw3_270203,被动元件,sw2_270200,元件,sw1_270000,电子
sw3_270202,印制电路板,sw2_270200,元件,sw1_270000,电子
sw3_270103,半导体材料,sw2_270100,半导体,sw1_270000,电子
sw3_270102,分立器件,sw2_270100,半导体,sw1_270000,电子
sw3_240504,其他小金属,sw2_240500,小金属,sw1_240000,有色金属
sw3_240502,钨,sw2_240500,小金属,sw1_240000,有色金属
sw3_240501,稀土,sw2_240500,小金属,sw1_240000,有色金属
sw3_240401,黄金,sw2_240400,贵金属,sw1_240000,有色金属
sw3_240303,铅锌,sw2_240300,工业金属,sw1_240000,有色金属
sw3_240302,铜,sw2_240300,工业金属,sw1_240000,有色金属
sw3_240301,铝,sw2_240300,工业金属,sw1_240000,有色金属
sw3_240202,磁性材料,sw2_240200,金属新材料,sw1_240000,有色金属
sw3_240201,其他金属新材料,sw2_240200,金属新材料,sw1_240000,有色金属
sw3_220603,炭黑,sw2_220600,橡胶,sw1_220000,基础化工
sw3_220602,其他橡胶制品,sw2_220600,橡胶,sw1_220000,基础化工
sw3_220503,改性塑料,sw2_220500,塑料,sw1_220000,基础化工
sw3_220501,其他塑料制品,sw2_220500,塑料,sw1_220000,基础化工
sw3_220405,氨纶,sw2_220400,化学纤维,sw1_220000,基础化工
sw3_220404,其他化学纤维,sw2_220400,化学纤维,sw1_220000,基础化工
sw3_220403,粘胶,sw2_220400,化学纤维,sw1_220000,基础化工
sw3_220401,涤纶,sw2_220400,化学纤维,sw1_220000,基础化工
sw3_220313,聚氨酯,sw2_220300,化学制品,sw1_220000,基础化工
sw3_220311,氟化工,sw2_220300,化学制品,sw1_220000,基础化工
sw3_220309,其他化学制品,sw2_220300,化学制品,sw1_220000,基础化工
sw3_220308,纺织化学制品,sw2_220300,化学制品,sw1_220000,基础化工
sw3_220307,民爆制品,sw2_220300,化学制品,sw1_220000,基础化工
sw3_220305,涂料油墨,sw2_220300,化学制品,sw1_220000,基础化工
sw3_220204,其他化学原料,sw2_220200,化学原料,sw1_220000,基础化工
sw3_220203,无机盐,sw2_220200,化学原料,sw1_220000,基础化工
sw3_220202,氯碱,sw2_220200,化学原料,sw1_220000,基础化工
sw3_220201,纯碱,sw2_220200,化学原料,sw1_220000,基础化工
sw3_110801,动物保健Ⅲ,sw2_110800,动物保健Ⅱ,sw1_110000,农林牧渔
sw3_110504,其他农产品加工,sw2_110500,农产品加工,sw1_110000,农林牧渔
sw3_110502,粮油加工,sw2_110500,农产品加工,sw1_110000,农林牧渔
sw3_110501,果蔬加工,sw2_110500,农产品加工,sw1_110000,农林牧渔
sw3_110301,林业Ⅲ,sw2_110300,林业Ⅱ,sw1_110000,农林牧渔
sw3_110202,水产养殖,sw2_110200,渔业,sw1_110000,农林牧渔
sw3_110201,海洋捕捞,sw2_110200,渔业,sw1_110000,农林牧渔
sw3_110103,其他种植业,sw2_110100,种植业,sw1_110000,农林牧渔
sw3_110102,粮食种植,sw2_110100,种植业,sw1_110000,农林牧渔
sw3_110101,种子,sw2_110100,种植业,sw1_110000,农林牧渔
