day,code,rps,s1,s2,fwd1,fwd3,fwd6
20220104,601728,51.515151515151516,,,-0.03881278538812771,-0.08447488584474883,-0.1120797011207969
20220104,600050,30.303030303030305,,,-0.057644110275689275,-0.10275689223057649,-0.12024338171836102
20220104,002296,39.39393939393939,,1.0402855368632924,-0.055118110236220375,-0.04855643044619429,-0.1076115485564304
20220104,688981,79.56989247311827,,0.2798859218826643,-0.05965374482499064,-0.13981934512608207,-0.15675573955589006
20220104,300660,83.80952380952381,,-0.5443592963077726,-0.07890039271688687,-0.2699036058550518,0.3878307551079292
20220104,600033,75.0,,0.6697079574499417,0.03135888501742179,0.027874564459930307,0.017232783169132793
20220104,601169,54.166666666666664,-0.7234138450580533,,0.024663677130044803,0.03587443946188329,0.017937219730941534
20220104,603037,75.91240875912408,,,-0.13940256045519206,-0.18207681365576112,-0.16453295400663825
20220104,688313,93.93939393939394,-1.4384252516192815,,-0.13270882123341143,-0.17564402810304447,-0.11994906989502852
20220104,603881,48.484848484848484,,,-0.08678448958058549,-0.06700079134792924,-0.2950266258204842
20220104,300139,89.58333333333334,,-0.2764832417633756,-0.11403508771929827,-0.2272727272727273,-0.29186602870813383
20220104,603005,43.54838709677419,,-0.5501153165021031,-0.21375464684014867,-0.31747211895910776,-0.19243166591787564
20220104,688378,84.94623655913979,,-0.977377074175181,-0.19636363636363618,-0.17494949494949485,-0.2552653583439892
20220104,000429,98.07692307692307,,,0.03918918918918912,0.06891891891891877,0.11486486486486491
20220104,300738,63.63636363636363,,-0.5747368402218744,-0.08183807439824942,-0.011378555798687073,-0.09236313205272406
20220104,688618,54.54545454545454,,0.13620634679018284,0.10236220472440949,-0.10214348206474189,-0.06832847234182127
20220104,002818,47.72727272727273,,,-0.03312302839116721,-0.06309148264984221,0.06381532003288748
20220104,601518,82.6923076923077,,1.812324607399413,-0.0072202166064981865,0.025270758122743597,-0.03596266727803843
20220104,600015,45.83333333333333,,,0.02486678507992912,0.001776198934280604,-0.01633316352967218
20220104,603327,70.43010752688173,,0.041045512680763785,-0.14358394573205202,-0.21311475409836067,0.04987029592421832
20220104,300394,96.96969696969697,,-1.26453770428513,-0.08024182467710916,-0.23193184940917844,-0.26221380233172875
20220104,601811,82.0,,0.1335297352317701,-0.0344827586206895,0.06465517241379315,0.010200995243177635
20220104,603095,73.20574162679426,1.8150335028493374,1.5884667781213868,0.07159533073929958,-0.01945525291828798,-0.11245503297693116
20220104,300580,87.59124087591242,,,0.01538461538461533,-0.26813186813186807,-0.22088111051475012
20220104,601985,82.92682926829268,,,-0.10784313725490191,-0.02083333333333326,-0.14583333333333337
20220104,300913,72.72727272727273,,0.2894560343556075,-0.09815950920245398,-0.10393359797906898,-0.13634463088006799
20220104,600901,100.0,,,-0.023346303501945664,-0.029182879377431914,0.09302462630180686
20220104,600012,100.0,,,0.12448132780082988,0.10511756569847863,0.03872752420470271
20220104,601229,66.66666666666666,-0.35204293672763276,,-0.006973500697350032,-0.05997210599721048,-0.08647140864714076
20220104,002839,25.0,-0.02025570933843519,,0.10977701543739271,0.11149228130360211,0.11465788796756904
20220104,600016,29.166666666666668,-1.3852930465948716,,0.002557544757033181,-0.012787723785166238,0.0024132455370819983
20220104,301000,79.56204379562044,,0.5912059016807459,-0.07789799072642978,-0.12534775888717153,-0.12503404680503627
20220104,601928,80.0,,-0.7156076173474603,-0.08759124087591241,0.0036496350364962904,-0.12652068126520688
20220104,002195,95.45454545454545,,-1.0036079787707846,-0.027237354085603238,-0.08560311284046696,-0.12833363459512503
20220104,002913,68.81720430107528,,-0.39545519628587705,-0.1455080624520091,-0.22024571282313787,-0.174501917712782
20220104,688318,86.36363636363636,,-0.7695079976236276,0.11103891884867778,-0.15535052953024486,-0.1040850910701494
20220104,000823,60.752688172043015,,0.82280003882971,-0.13075237399561723,-0.1964937910883856,-0.2497956469328969
20220104,601919,86.53846153846155,,-0.10497293104037236,-0.15663265306122442,-0.1301020408163266,-0.24820330493149767
20220104,601339,87.75510204081633,,,0.1842546063651591,0.09715242881072017,-0.06187180093920819
20220104,600020,67.3076923076923,,,-0.01812688821752273,0.0030211480362538623,-0.06344410876132933
20220104,002406,46.715328467153284,,0.020259614701884154,-0.09250398724082931,-0.12759170653907492,-0.1722488038277512
20220104,603926,69.34306569343066,,-0.08513003438912387,-0.07655213984327913,-0.16515973477998802,-0.19266449968017008
20220104,601019,72.0,,-0.45056108752720586,-0.033175355450236976,0.03791469194312791,0.056872037914691864
20220104,688678,72.04301075268818,-0.7243265062315111,,-0.17212121212121212,-0.37242424242424244,-0.1811202496000044
20220104,603637,88.0,,,-0.16388616290480862,-0.11383709519136398,-0.1668019673295883
20220104,300893,83.94160583941606,,-0.5067148801197087,-0.16525871172122486,-0.3841077085533262,-0.19373103644466005
20220104,688668,81.81818181818183,0.48767470303641913,,-0.16454973597830747,-0.26644783787640935,0.06003891148455853
20220104,300570,90.9090909090909,,,-0.13252346769740464,-0.19657647708448367,-0.15609018771507577
20220104,603685,77.41935483870968,,-1.282058295857135,-0.11856474258970351,-0.12402496099843996,-0.20748829953198122
20220104,003816,87.8048780487805,,-0.8732563336022272,-0.060509554140127375,-0.1273885350318471,-0.10828025477707004
20220104,300938,80.95238095238095,,0.14476998733875285,-0.1615030981411153,-0.06815910453727758,-0.04132318867510909
20220104,300951,76.88172043010752,,-1.672198788760146,-0.16579917588375626,-0.269898069833008,-0.2193871419891814
20220104,003031,75.75757575757575,,1.587881068737196,0.05844314299658371,0.1255490483162518,0.21598035465390764
20220104,603006,62.04379562043796,,1.3353909125168717,-0.10304659498207891,-0.15860215053763438,-0.15880278234522915
20220104,605100,85.64593301435407,,,-0.05943251533742322,-0.14877300613496924,-0.1979237412509881
20220104,300458,55.91397849462365,,-0.6076837327416856,-0.1409942950285249,-0.13969030154849227,-0.10014555954102022
20220104,000807,54.166666666666664,,,0.034914950760966734,0.2094897045658013,-0.08956448693226482
20220104,002039,65.85365853658537,,-0.6458590715614964,-0.14533205004812322,-0.16987487969201165,3.173605098050203e-05
20220104,600377,84.61538461538461,,,0.04347826086956519,-0.0240274599542335,-0.027459954233409634
20220104,600742,32.846715328467155,,,-0.09776304888152432,-0.19718309859154926,-0.20383939946327412
20220104,603599,25.96685082872928,,1.1243663916231952,-0.15776081424936395,-0.18829516539440205,0.06395622643840904
20220104,603239,42.33576642335766,,,-0.2176370830977954,-0.2707744488411532,-0.11162538411582001
20220104,300921,45.45454545454545,,0.7702925471346318,0.3371298405466969,0.0742596810933942,-0.09949780630429084
20220104,601336,97.91666666666666,,,-0.018181818181818188,-0.08527528809218954,-0.17951344430217664
20220104,601988,91.66666666666666,-0.27413340402792113,,0.019543973941368087,0.07166123778501632,0.061889250814332275
20220104,603100,68.89952153110048,,0.23515172424250125,-0.17822242903676122,-0.33969288040949275,-0.14132766201926283
20220104,603809,61.31386861313869,,,-0.004997501249375258,-0.21739130434782605,-0.11906011008626738
20220104,002106,39.247311827956985,,-0.1382723518788467,-0.11810344827586217,-0.29482758620689653,-0.28835106403462685
20220104,000612,41.66666666666667,,-0.5263931221268361,-0.0983182406209574,-0.19146183699870634,-0.1889682211116509
20220104,002379,93.75,,-0.39127800433365517,-0.027272727272727337,-0.051515151515151514,0.12424242424242427
20220104,000949,69.06077348066299,,-0.11426529048977083,-0.10139860139860146,-0.1520979020979022,-0.33995407754836937
20220104,600603,57.692307692307686,-0.3574595492735365,,-0.029556650246305383,-0.051724137931034364,0.5369458128078819
20220104,002281,78.78787878787878,,-1.1495009624963635,-0.1389599317988065,-0.23145780051150888,-0.25469140189603134
20220104,603698,66.02870813397129,,-0.666119081389217,-0.1707317073170732,-0.27262872628726287,-0.296525457445061
20220104,600694,68.18181818181817,,,-0.01145418326693226,-0.015438247011952289,-0.016158863467275575
20220104,002792,66.66666666666666,,1.2963415002543983,-0.06975308641975309,-0.08395061728395059,-0.24012054276634753
20220104,601107,94.23076923076923,,-0.3207600824458649,-0.05835010060362178,-0.08048289738430592,-0.18244999904019432
20220104,000425,58.85167464114832,,,-0.04304635761589404,-0.14403973509933776,-0.08278145695364236
20220104,002670,81.25,,,-0.09232365145228216,-0.03526970954356845,-0.004149377593361092
20220104,300547,89.78102189781022,,1.1185662514113852,0.04253785147801015,-0.005046863734679108,0.24802438829654005
20220104,300620,87.87878787878788,,-0.7005730156045781,-0.11230678927802784,-0.3261592643318333,-0.35377365884613043
20220104,605111,49.46236559139785,1.4346283989527553,1.0034038422146072,-0.11706175007316355,-0.14667837284167395,-0.006844242205603535
20220104,600919,95.83333333333334,1.981535965083019,,0.1390284757118927,0.22613065326633164,0.2778481641347861
20220104,003025,48.32535885167464,,0.962489212460293,-0.02781211372064285,-0.1551297898640296,-0.058823009136454996
20220104,601199,86.8421052631579,,-0.4886438466481786,-0.061514195583596276,0.039432176656151396,0.2750660131028213
20220104,000975,77.08333333333334,,,-0.05334846765039725,0.06129398410896725,0.12200732412018667
20220104,601900,88.0,,-0.8921545465261134,-0.08040770101925254,-0.01132502831257065,-0.0906002265005662
20220104,600219,31.25,,-1.1902890624090887,-0.017505470459518557,-0.11159737417943105,-0.1990139532642059
20220104,603002,82.25806451612904,,1.745827712638565,-0.10483870967741937,-0.22177419354838712,-0.20395133173071267
20220104,605259,61.24401913875598,,0.5416910044739031,-0.13900245298446434,-0.19187789588443704,-0.21640774052875433
20220104,000800,10.218978102189782,,-0.8128502681633586,-0.08019323671497602,-0.16038647342995171,-0.03395905387411502
20220104,002254,27.624309392265197,2.5082771416224863,0.8039741064431295,-0.015197568389057725,-0.16160081053698072,-0.11558811172458194
20220104,300294,17.857142857142858,-0.060394263903878226,1.3260317502015437,-0.0936842105263157,-0.23868421052631583,-0.06359376092771518
20220104,600888,35.41666666666667,,,-0.056831922611850105,-0.1281741233373641,0.1983996571609341
20220104,300303,46.236559139784944,,,-0.16793893129770987,-0.25648854961832057,-0.25190839694656486
20220104,600039,80.0,,,-0.05038428693424413,-0.09479077711357808,-0.03415760985564087
20220104,002428,100.0,,-1.3640596711803132,0.09038619556285954,0.04930156121610518,0.03533278553820862
20220104,300689,69.6969696969697,,,-0.010009532888465178,-0.144423260247855,-0.17369325239552402
20220104,002722,43.0622009569378,,-1.357419126623477,-0.030883261272390383,-0.07844348363187159,-0.13650401482396546
20220104,300398,78.49462365591397,,0.4957618530955725,-0.11682419659735344,0.007939508506616288,-0.12190570820821167
20220401,600050,32.35294117647059,,,-0.013966480446927276,-0.019489132138620247,-0.04492024974885778
20220401,002034,64.1025641025641,,-0.6383404669511468,0.00698924731182804,0.11529497949925771,-0.02493535794267432
20220401,000612,44.89795918367347,,-0.5263931221268361,-0.14080000000000004,0.003084104129110088,-0.1235187439648554
20220401,300660,85.45454545454545,,-0.5443592963077726,-0.12176039119804405,0.9008870146979511,0.1961312756518332
20220401,600219,34.69387755102041,,-1.1902890624090887,-0.20197044334975367,-0.0983974794131579,-0.25116901762370614
20220401,002296,41.17647058823529,,1.0402855368632924,-0.19310344827586212,-0.06206896551724139,-0.10482758620689658
20220401,603599,18.556701030927837,,1.1294635228874792,0.15642633228840142,0.31076738868430964,0.1780713078120133
20220401,600888,40.816326530612244,,,0.16504854368932054,0.3745860145244002,0.09910080086971673
20220401,300139,91.83673469387756,,-0.2764832417633756,-0.19711042311661497,-0.0835913312693497,-0.22910216718266252
20220401,002677,10.416666666666668,,0.8184722315034458,0.030346820809248554,0.11750922550176757,-0.15902695572409342
20220401,000800,17.36111111111111,,-0.8128502681633586,-0.06789413118527043,0.150578111899069,-0.13124613276204478
20220401,605208,32.6530612244898,,,-0.1013165426445336,0.28219804355926636,0.2470800204550867
20220401,603095,72.72727272727273,1.8150335028493374,1.5884667781213868,-0.1865079365079364,-0.09484501378996546,-0.045795176194795006
20220401,002039,86.58536585365853,,-0.6458590715614964,0.037681159420289934,0.2046759116022827,0.08174979817347827
20220401,000949,82.4742268041237,,-0.1050040282148847,-0.268041237113402,-0.2215540873353965,-0.3276093887883398
20220401,002406,63.888888888888886,,0.020259614701884154,-0.19012797074954302,-0.051188299817184646,-0.17737466400162816
20220401,600742,29.166666666666668,,,-0.1475748194014448,-0.008291181787587143,-0.1639788027112562
20220401,000425,70.9090909090909,,,-0.029013539651837617,0.07156673114119938,-0.1138111778063905
20220401,603005,29.743589743589745,,-0.5501153165021031,-0.20261437908496738,0.1832019709591035,-0.21119868602726422
20220401,002978,12.244897959183673,-0.31255942637974765,-0.32642190863033926,-0.14838884375846195,0.11688524672995171,-0.10393473597911784
20220401,300677,82.42677824267783,,0.18897175686642026,-0.37519042437431993,-0.33573393449915967,-0.4752271308417384
20220401,002106,42.05128205128205,,-0.1382723518788467,-0.1185134588064598,0.009184310170944787,-0.07264144470778056
20220401,688318,89.36170212765957,,-0.7479301410414694,-0.20461538461538464,0.06069433564148685,-0.17429025563908862
20220401,603926,75.69444444444444,,-0.08513003438912387,-0.1559566787003609,-0.03294614077213143,-0.1090921139396801
20220401,000690,43.90243902439025,,,-0.1454918032786886,-0.0933975919571376,-0.014562599953410471
20220401,605399,11.34020618556701,2.16168334061481,0.63865090534665,-0.08908734480505343,0.23805009579618486,-0.04015377099589079
20220401,600398,74.50980392156863,,0.2795081492857475,-0.04066543438077641,-0.01254831711235227,-0.13930194928426565
20220401,002913,73.33333333333333,,-0.39545519628587705,0.006893156080748364,0.058664371408554405,-0.2341720449020337
20220401,601601,87.75510204081633,,,-0.10344827586206884,0.011206896551724244,-0.0935727948337376
20220401,300215,13.636363636363635,,-0.33155164879338606,-0.2081081081081081,-0.08783783783783783,-0.29054054054054057
20220401,605368,36.58536585365854,-0.24584808551016304,-0.2652227800681449,0.03424856291053979,0.00558578518553654,-0.03740838140196867
20220401,603809,65.27777777777779,,,0.0019157088122605526,0.12564541488976944,-0.10553642909431304
20220401,600223,29.411764705882355,,-0.3462862853736572,-0.2338709677419354,-0.09139784946236551,-0.31242174088320007
20220401,000883,40.243902439024396,,1.766267649295986,-0.0613636363636364,0.17954545454545445,0.021998480381823837
20220401,003025,41.36363636363637,,0.962489212460293,-0.0307242136064374,0.11399003015158438,-0.09404100595800036
20220401,000823,54.35897435897436,,0.82280003882971,-0.18090909090909102,-0.06633658241012363,-0.2196520108639184
20220401,002833,42.27272727272727,,-0.5479025222365359,-0.14212328767123283,0.025718534372077606,-0.210797208918019
20220401,300916,37.94871794871795,,0.5958259089919654,-0.22951807228915677,0.416181703925955,0.5241878710486991
20220401,000960,55.10204081632652,,-0.968793466202299,-0.16450417052826694,-0.22455801717501633,-0.43731466228223204
20220401,603565,75.47169811320755,,0.12056291962479271,0.01447178002894356,-0.10491005333885162,-0.12954507202142462
20220401,600308,36.231884057971016,,-1.0173773673434174,-0.030520646319569078,0.06669321888571234,-0.04127921862802464
20220401,002254,31.443298969072163,2.5082771416224863,0.8101483581053028,-0.17643504531722054,0.05488161175569495,-0.012065204648729289
20220401,601336,97.95918367346938,,,-0.19176931690929444,-0.10302351623740202,-0.20619258270575813
20220401,002027,23.52941176470588,,0.4997724394273678,-0.053054662379421136,0.06430868167202575,-0.10566285200740666
20220401,002048,45.83333333333333,,-0.798256008333574,-0.1624770079705702,-0.00637010853145048,-0.27022580732316115
20220401,688618,52.94117647058824,,0.13620634679018284,-0.06845310596833132,0.03766193043926758,0.1543497658934938
20220401,601339,90.19607843137256,,,-0.12061068702290079,-0.1449426949018432,-0.04366406264749845
20220401,002145,13.917525773195877,0.9577906578598246,-1.3512262880876849,-0.20310880829015543,0.08484854728540014,0.015248779956071878
20220401,300294,17.154811715481173,-0.060394263903878226,1.3260317502015437,0.02488765986864827,0.22998399878143183,0.094477287051274
20220401,003816,89.02439024390245,,-0.8732563336022272,0.04014598540145986,0.021897810218978186,-0.0012603982716202777
20220401,603386,43.07692307692308,,-0.9459264659958335,-0.14831038798498108,-0.014392991239048691,-0.12946055984906246
20220401,605259,57.72727272727273,,0.5416910044739031,-0.11129848229342332,-0.030354131534570006,0.1426402893072407
20220401,300856,76.47058823529412,,0.11395462636852674,0.18543209876543232,0.5447640266239695,1.3804255301832011
20220401,000651,77.08333333333334,,0.6236391101380241,0.06665027068315843,0.042649081073981465,0.06918090916814634
20220401,688556,33.63636363636363,2.0260299525047305,0.5583240252322704,0.029700196133370715,0.6052423787273633,0.5789108229984534
20220701,601728,64.28571428571429,,,-0.0026881720430107503,0.07683818073898196,0.20727991912746702
20220701,000408,81.53846153846153,,-1.10089268914898,-0.040983606557377095,-0.17547181796159184,-0.20714995761221577
20220701,600016,40.625,,,-0.02695417789757415,-0.08355795148247991,-0.07277628032345018
20220701,300308,100.0,1.0869349986264754,,0.06387096774193535,-0.18096774193548393,-0.08709677419354844
20220701,601328,78.125,,,-0.010775257542183003,-0.0064649100804931026,0.021552348420490697
20220701,601339,88.52459016393442,,-0.7237130135446104,0.07961165048543695,0.11844660194174761,0.09514563106796126
20220701,603118,75.0,,,0.029891304347826164,0.0964673913043479,0.11141304347826075
20220701,600757,79.41176470588235,,-0.5794416890087208,-0.005432628397220363,0.028928624364487954,0.09383321291438129
20220701,002396,80.35714285714286,,-0.7440983695762015,0.015860078904259778,-0.21444914812324378,-0.11536262021606192
20220701,601169,56.25,,,-0.017620780051249008,-0.02706673408921778,0.01307857057214945
20220701,603203,80.86642599277978,,-1.1522254527719529,0.025262339681305868,-0.13835989117761371,0.14535561601243696
20220701,600050,37.5,,,-0.01729106628242072,-0.025936599423631135,0.4494099642712446
20220701,600941,60.71428571428571,,,-0.031886916502301244,0.2042579129716262,0.21796959289160123
20220701,601233,81.81818181818183,,1.0399938003126803,-0.07258339705352124,-0.1621489730915031,-0.09100468574218423
20220701,601811,72.05882352941177,,-0.7530353385354731,0.0,0.037569060773480656,0.11160220994475134
20220701,601229,84.375,,,-0.03577201655639006,-0.048780151240283676,-0.03902405022736355
20220701,603926,72.61146496815286,,-0.8022866349098801,0.04724409448818889,-0.07874015748031493,-0.09055118110236238
20220701,601019,66.17647058823529,,-0.12688909006899476,-0.05811960210724554,-0.04228967945358586,0.00361709624202744
20220701,600598,63.1578947368421,-0.4828825657962377,,-0.06029810298102989,-0.10840108401084003,-0.06368563685636863
20220701,002902,71.42857142857143,,,0.2730844793713163,-0.17616240995415844,-0.13425016371971188
20220701,002429,91.93548387096774,,-1.1787275589596717,0.02088772845953013,-0.1566579634464751,-0.07310704960835501
20220701,603083,92.85714285714286,,-0.9517953516740716,0.0216110019646365,-0.0491159135559921,0.15717092337917493
20220701,000807,69.23076923076923,,,0.003976143141153132,-0.09045725646123248,0.10536779324055678
20220701,601598,95.0,,-1.5831069839598355,0.02504524900636973,-0.034613469189768264,0.07487767785337596
20220701,002687,85.24590163934425,,-0.2915002065081054,-0.01106194690265494,-0.06194690265486724,0.06415929203539839
20220701,000960,60.0,,,-0.07641395908543913,-0.2743682310469314,-0.148014440433213
20220701,002039,77.52808988764045,,,0.01292517006802707,-0.10204081632653061,0.029931972789115635
20220701,000719,88.23529411764706,,0.3230245952710668,-0.00882380505193281,0.05782180462268682,0.17976909041028866
20220701,300897,67.14801444043322,,0.25069644929246904,0.07152682255845932,-0.1182943603851444,-0.07393397524071543
20220701,603565,76.66666666666667,,-1.1589298823613285,0.18204804045512013,-0.02752239456432981,0.0048935256168591845
20220701,300695,62.42038216560509,,,0.10034668721109408,-0.03678736517719561,-0.15042372881355925
20220701,600894,45.48736462093863,,0.2991552152743848,0.034743202416918306,-0.08006042296072513,-0.0166163141993958
20220701,002533,84.07643312101911,,-0.49901881803591586,0.25139664804469275,-0.14525139664804476,-0.12430167597765363
20220701,603100,74.72924187725631,,-0.6292659005543177,0.14132882882882902,0.5917792792792793,0.6998873873873874
20220701,603881,51.78571428571429,,,-0.02173098538778573,-0.22480329711502434,-0.030348445110528255
20220701,002787,98.7012987012987,,,0.06689536878216118,-0.04288164665523153,0.05317324185248706
20220701,002565,83.11688311688312,,-0.5543916490428397,-0.043209876543209846,-0.2510288065843622,-0.1440329218106997
20220701,601101,82.6086956521739,,-0.8234078524425241,-0.1287128712871286,-0.060643564356435586,-0.23143564356435642
20220701,000975,83.07692307692308,,,0.10718002081165467,0.34131113423517156,0.18730489073881396
20220701,600398,81.9672131147541,,-0.9117938593810064,-0.0496894409937888,-0.12836438923395443,0.0993788819875776
20220701,601601,91.66666666666666,,,-0.11253323431959983,-0.10361845013396043,0.06620818860246969
20220701,603809,63.69426751592356,,-0.8670619393200065,0.0888722927557879,-0.20537714712471988,-0.19417475728155342
20220701,301016,64.62093862815884,,-0.5776425324587514,0.11482479784366584,-0.04312668463611857,0.07169811320754715
20220701,603040,95.54140127388536,,-0.706136986686328,0.07047517351841948,-0.16924719701014423,-0.06406833956219982
20220701,002296,28.57142857142857,,-0.5080356713472014,0.138235294117647,-0.04558823529411771,0.21470588235294108
20220701,000630,64.61538461538461,,,-0.06461538461538463,-0.20615384615384602,-0.027692307692307683
20220701,600582,39.35018050541516,,,0.08050847457627142,0.04237288135593231,0.125
20220701,002014,88.31168831168831,-0.5730403853019905,,0.050822122571001715,0.12107623318385663,0.2152466367713004
20220701,603013,46.496815286624205,,,0.18585298196948696,-0.10610263522884888,-0.01109570041608876
20220701,002833,58.12274368231047,,1.8658728805359732,-0.03464755077658299,-0.2305854241338111,-0.2485065710872163
20220701,000581,42.038216560509554,,-0.24468075077360546,0.02815432742440027,-0.1058394160583942,-0.06934306569343074
20220701,002440,87.38738738738738,,-1.1552446865676549,-0.002484472049689601,0.008695652173912993,-0.09689440993788834
20220701,601156,40.0,1.2614056191102696,2.338519358269468,-0.1184144505770196,-0.21123933768188663,-0.22779729051680897
20220701,600846,77.77777777777779,,,0.11508951406649626,0.09384654726357722,0.20111237090564704
20220701,002515,91.35802469135803,,-0.2710880643614638,-0.09670329670329658,-0.14505494505494498,0.05274725274725278
20220701,688318,89.90825688073394,,-0.19325427686901023,-0.07599999999999996,-0.22153846153846157,-0.070974358974359
20220701,002195,91.74311926605505,,2.1576690363983975,0.009009009009008917,-0.13963963963963955,-0.06306306306306286
20220701,000338,89.171974522293,,,-0.056765163297045174,-0.26520456979776386,-0.1809174417311693
20220701,300627,53.57142857142857,,0.5504750868486021,0.048913043478260754,-0.1032608695652174,-0.1059782608695653
20220701,605100,88.4476534296029,,-0.5900454154616989,0.0027643400138217533,-0.16447823082239132,-0.069799585348998
20220701,000429,91.66666666666666,,,-0.03671647434487513,-0.0497338192861605,0.010145967443752513
20220701,603298,87.36462093862815,,-0.5929494085959732,-0.05908233815210562,-0.22752985543683224,0.09302325581395343
20220701,603758,83.43949044585987,,,0.07720930232558154,-0.2613953488372093,-0.2018604651162791
20220701,603979,90.76923076923077,,1.1858425258322223,0.05644294223772639,0.061725156948915005,0.36862183166897444
20220701,002155,86.15384615384616,,0.9015519767858039,0.06672226855713093,0.04837364470392003,0.11592994161801506
20220701,600033,71.66666666666667,,-0.5245994701032597,0.05054151624548742,-0.010830324909747224,0.054151624548736566
20220701,300738,67.85714285714286,,0.2897229861127365,-0.07304347826086954,-0.32000000000000006,-0.17130434782608706
20220701,300302,97.24770642201835,,,0.00991325898389106,-0.18463444857496902,-0.11648079306071879
20220701,600531,76.92307692307693,,,0.024809160305343525,-0.007633587786259555,0.009541984732824416
20220701,605117,91.71974522292994,,1.6186372986265987,0.22106536642592678,0.49917512922975416,0.19587931224108246
20220701,603319,93.63057324840764,,-1.0151026769648868,0.1136120042872455,-0.23204715969989276,-0.1688102893890675
20220701,600835,63.898916967509024,,,0.17426651551846706,-0.18912542406653166,-0.1470800756847962
20220701,601919,85.0,,-0.17626454536518013,-0.023775216138328448,-0.21469740634005763,-0.12353812671457176
20220701,300932,70.06369426751591,,-0.15294225751069962,0.0688172043010753,-0.1908602150537635,-0.19946236559139796
20220701,000603,78.46153846153847,,,0.08215547703180226,-0.12367491166077726,0.17137809187279163
20220701,601916,34.375,-0.4669369734625991,,-0.024242424242424288,-0.10000000000000009,-0.11212121212121229
20220701,600710,88.88888888888889,,,0.019736842105263053,-0.09868421052631593,-0.019736842105263275
20221010,601233,87.5,,2.4081034509523644,-0.05837755875663386,0.08491281273692186,0.08642911296436684
20221010,600061,49.01960784313725,,,-0.01661129568106312,0.029900332225913706,0.1794019933554818
20221010,603037,83.125,,0.1900669175858564,0.12620027434842251,0.10699588477366251,0.2496570644718792
20221010,600888,43.47826086956522,,-1.124334979620653,0.07235142118863047,0.08397932816537468,0.12273901808785537
20221010,600598,60.0,-0.22448467086322532,,0.0607902735562309,0.050151975683890404,0.020516717325227862
20221010,600219,53.62318840579711,,-1.2171976392732036,0.056856187290970084,0.11705685618729089,0.13043478260869557
20221010,002756,2.898550724637681,,0.35267031614855,0.0221293336611752,-0.22842389968035415,-0.2850586017539546
20221010,002267,61.53846153846154,0.6288759300555448,,-0.10663507109004733,-0.10873003566658213,-0.09147169610825867
20221010,601811,73.52941176470588,,-0.9855139611957362,0.0010649627263046302,0.07135250266240667,0.3312034078807242
20221010,000581,48.125,,0.16663286111001818,0.01632653061224487,0.04081632653061229,0.18309037900874636
20221010,002978,20.28985507246377,,-1.119667207671844,0.07260828918666262,0.06263633530694923,0.14646307260828917
20221010,605189,62.5,,-0.8441211021878418,0.012772751463544285,-0.000532197977647697,0.10750399148483236
20221010,600894,58.21917808219178,,-0.7169103843095131,0.06075533661740562,0.06896551724137945,0.21346469622331687
20221010,600998,74.3859649122807,-0.7090562888792781,,0.1127622377622377,0.17657342657342645,0.2622377622377623
20221010,601677,26.08695652173913,,-0.26968594394082396,-0.2552836484983314,-0.016685205784204626,-0.11290322580645151
20221010,000960,68.11594202898551,,,-0.010779436152570598,0.17412935323383083,0.21227197346600324
20221010,000731,32.01754385964912,,-0.03763286574807897,-0.07424593967517401,-0.06496519721577731,-0.058004640371229765
20221010,002432,75.43859649122807,,2.821827706087509,0.16915887850467293,0.20397196261682238,0.04065420560747657
20221010,603599,14.035087719298245,,0.9655679173147144,0.12142038946162659,0.15103984282686622,0.25473365318199903
20221010,301318,,,-0.4461304242047754,0.20468675274988057,0.05069344811095178,0.34481109516977515
20221010,600742,41.25,,,0.11096938775510212,0.08290816326530615,0.1160714285714286
20221010,600757,80.88235294117648,-0.15380753240209294,,-0.06493506493506496,0.06307977736549164,0.2560296846011132
20221010,002818,59.57446808510638,,1.948551717306547,-0.031050955414012704,-0.03343949044586003,0.10429936305732479
20221010,603393,71.42857142857143,,-0.7639042085975808,-0.08640903169778558,-0.04342162396873639,0.009552757273121992
20221010,000930,25.0,,,0.03652392947103267,0.06801007556675054,0.07304785894206556
20221010,601019,63.23529411764706,,,-0.00991735537190086,0.04793388429752077,0.32727272727272716
20221010,603896,8.771929824561402,-0.06534755234583965,0.27186866903891266,0.07388419782870947,0.24577804583835938,0.4565741857659831
20221010,603565,82.25806451612904,,-0.9311795060012885,-0.06666666666666665,0.033333333333333215,0.1958333333333333
20221010,601919,87.09677419354838,,-0.2627647505041783,0.050458715596330306,0.11608172488089386,0.17145153808023794
20221010,300628,12.5,-0.03003977801926846,0.5284676836216299,0.0802568218298556,-0.030818619582664408,0.18780096308186223
20221010,002106,43.53448275862069,,1.0570459132633971,0.06417112299465244,0.048128342245989275,0.18582887700534756
20221010,605500,44.303797468354425,,0.6437522091781874,0.0466101694915253,0.07838983050847448,0.11228813559322037
20221010,300789,64.28571428571429,,-0.13412129310696666,-0.0435663627152989,-0.0800405268490374,0.3176291793313071
20221010,600271,8.928571428571429,,,0.14852492370295,0.08952187182095628,0.5686673448626653
20221010,600338,4.3478260869565215,,-0.15665706821394088,0.012802926383173041,0.054412437128486424,0.059442158207590134
20221010,300771,27.67857142857143,2.1598579720248297,,-0.058461538461538565,0.15999999999999992,0.11538461538461542
20221010,600694,68.08510638297872,,,-0.023341523341523285,0.10380835380835385,0.14557739557739557
20221010,600295,79.3103448275862,,0.1059054520623247,-0.06088682991396421,0.01786896095301116,0.020516214427531487
20221010,688169,45.3125,,,-0.010722233461460617,0.027028120574549952,0.440865870928586
20221010,301179,80.48780487804879,,-0.6879158291106922,0.13244296048970505,0.10573177518085686,0.4924874791318863
20221010,300897,70.8904109589041,,-0.0280069100079793,0.09867394695787834,0.05031201248049899,0.18915756630265212
20221010,600123,8.695652173913043,,-1.0863924929943363,-0.11492063492063498,-0.1453968253968253,-0.18349206349206348
20221010,301000,89.375,,0.39283162065289046,0.07858243451463798,0.03967642526964554,0.15138674884437586
20221010,603086,31.140350877192986,2.1119666627624434,-0.5481086472179459,0.06160458452722062,-0.04083094555873934,-0.1855300859598854
20221010,605377,34.177215189873415,,0.8851928751135817,0.11501210653753025,0.4739709443099276,0.20460048426150124
20221010,000762,1.4492753623188406,,1.6746044282285735,0.05982053838484558,-0.004735792622133528,-0.06979062811565295
20221010,300580,88.125,,-0.0012816791255271,0.20917085427135684,0.19283919597989962,0.42462311557788945
20221010,002493,37.5,,-1.072908511549789,-0.14230769230769225,-0.07769230769230773,0.1476923076923078
20221010,605368,37.362637362637365,0.4667547762401042,-0.6865181320444588,0.07857733664185274,0.03556658395368073,0.13564929693961947
20221010,300856,36.84210526315789,1.2759640473334577,-0.8629969055518889,-0.11884284597341677,-0.18483189992181392,-0.16012509773260353
20221010,601518,80.64516129032258,,-1.0735626939467513,0.0347490347490349,0.1351351351351351,0.13899613899613894
20221010,601916,31.428571428571427,,,-0.04040404040404033,-0.013468013468013518,-0.03367003367003363
20221010,301061,93.67088607594937,,2.392740302905083,0.006191950464396356,0.007567939456484485,0.14000687994496053
20221010,000651,78.125,-0.3450751136946165,-0.8963501285649013,-0.08788819875776388,0.009316770186335477,0.18968276388343663
20221010,600452,65.93406593406593,,-0.8208470389681133,0.003162055335968361,0.30434782608695654,0.4703557312252964
20221010,002483,21.91780821917808,,0.1731966075620139,0.13740458015267154,0.011450381679389166,0.040076335877862634
20221010,601368,23.636363636363637,,,0.021484375,0.03125,0.03125
20221010,002884,26.71232876712329,,,-0.18405564472980207,-0.11503477795612627,-0.13857677902621723
20221010,600373,20.588235294117645,0.4820426397620086,,0.02741358760429069,0.1537544696066746,0.6162097735399283
20221010,002555,44.11764705882353,,,-0.11488095238095242,0.10297619047619055,0.8375000000000001
20221010,600874,36.36363636363637,0.1174443477785484,,-0.011345218800648316,-0.004862236628849326,-0.0421393841166936
20221010,000913,29.375,,,-0.049226441631505025,-0.07735583684950764,0.0192217533989687
20221010,002182,14.492753623188406,,-0.970727687003682,-0.08151658767772518,0.023696682464454888,0.12085308056872024
20221010,002034,18.181818181818183,,,0.0391717963066589,0.021824286513710156,0.005595970900951208
20221010,603013,55.625,,,0.10861132660977502,0.10628394103956573,0.19627618308766492
20221010,002410,0.8928571428571428,,-0.3411912370719084,0.05366922234392124,0.37612267250821474,0.6930996714129243
20221010,300231,45.535714285714285,,,0.22257053291536044,0.22100313479623823,0.6018808777429467
20221010,600618,45.17543859649123,,1.5244020480086933,-0.0020618556701030855,0.02268041237113394,0.04123711340206193
20221010,002061,36.206896551724135,,-0.9201114864485969,-0.009310986964618295,-0.0018621973929237035,0.14897579143389206
20221010,688767,59.29824561403508,,1.4801676486128765,0.15484993475424091,0.021096128751631138,-0.06524575902566343
20221010,301181,72.5,,0.8405948578832401,0.21895424836601318,0.10130718954248374,0.17349970291146777
20221010,600528,17.80821917808219,,-0.9089766970560894,0.027027027027026973,0.05810810810810807,0.30000000000000004
20221010,300160,14.0625,2.9069025610613957,1.54312859957723,0.016742770167427645,-0.022831050228310557,0.13546423135464236
20221010,300861,1.0273972602739725,2.009464809020677,0.04557640635142105,-0.046427276024664454,-0.08686978599927453,-0.16648531011969525
20221010,600662,27.586206896551722,,1.082619583620537,-0.039999999999999925,0.11809523809523825,0.19999999999999996
20221010,002543,65.625,-0.03843939604509168,,-0.22186234817813766,-0.28502024291497974,-0.2663967611336032
20221010,600582,41.43835616438356,,,0.03861788617886197,0.0792682926829269,0.0060975609756097615
20221010,600426,35.526315789473685,,-0.9854627999471414,-0.013465627214741205,0.1785967399007795,0.2087172218284905
20230103,000408,83.05084745762711,,-0.758527810335677,0.059932152280437245,-0.08179419525065956,-0.09710250727750802
20230103,601038,64.54545454545455,,-0.5242581798228824,0.08981001727115712,-0.04490500863557856,0.04058292381774442
20230103,000617,86.95652173913044,,,0.09773123909249559,0.26527050610820235,0.2914485165794065
20230103,600938,100.0,,,0.03552971576227404,0.13953488372093026,0.20284237726098175
20230103,600219,55.932203389830505,,-1.0427921768698285,0.10778443113772451,0.011976047904191489,-0.06878351234511693
20230103,000807,79.66101694915254,,-1.0223674827256288,0.24100719424460437,0.1816546762589928,0.1841004216925608
20230103,002483,27.727272727272727,,0.8186331254098529,0.058490566037735725,0.028301886792452935,0.09473208514634579
20230103,603556,80.83333333333333,,-0.37350600114984134,0.04328767123287669,0.25863013698630133,0.4295149926208972
20230103,300488,61.36363636363637,,,0.09098862642169725,0.02318460192475924,0.0463692038495187
20230103,300540,81.81818181818183,,,0.07893209518282074,0.1665699361578643,0.5560069645966339
20230103,002195,90.0,-0.08554864749984321,2.186735651750245,0.47115384615384603,0.6538461538461535,0.3990385295583905
20230103,600251,84.375,,-0.6732528046350674,0.06470588235294117,0.0,0.06715407027129627
20230103,603095,58.18181818181818,,,0.10412051395657951,0.07177669472751447,-0.0219976550127563
20230103,300033,98.33333333333333,-0.30716243636151913,,0.254078303425775,1.4304617903741028,0.76854879214456
20230103,600598,68.75,0.6910386737426191,,0.02894356005788712,-0.02821997105643992,0.007577250502232014
20230103,601688,91.30434782608695,-0.05566807010411285,,0.11185870479394455,0.10597140454163156,0.1850294365012617
20230103,000960,76.27118644067797,,,0.13771186440677963,0.03248587570621475,0.13882771718007292
20230103,603298,88.18181818181819,-0.4385806465772049,,0.10235767682576191,0.12248418631397362,0.45756286476757424
20230103,601985,84.52380952380952,,-0.5083548693806367,0.0,0.05090311986863716,0.16748768472906406
20230103,002833,63.63636363636363,,-0.24382487325157848,0.19872813990461058,0.4642289348171702,0.5583015709223691
20230103,002842,93.22033898305084,,,0.16293532338308458,0.10945273631840813,0.062189054726368154
20230103,002558,100.0,,,0.18819188191881908,0.7380073800738007,1.0375001935086892
20230103,002871,75.9090909090909,2.390350862058738,,0.10254491017964074,0.11976047904191622,0.30037212496990295
20230103,300308,100.0,,,0.05406360424028267,1.3759717314487632,4.1683073837203475
20230103,002757,74.0909090909091,,,0.15391380826737033,0.45470536499560255,0.37594767584029465
20230103,601900,80.35714285714286,,1.7394432021581971,0.010830324909747446,0.2057761732851986,1.4007220216606497
20230103,301000,90.47619047619048,,0.08040992422570921,0.1570952204520193,0.10744720266765473,0.23222719367879918
20230103,600295,81.81818181818183,,1.682972987838111,0.10403120936280907,0.002600780234070177,-0.08469422423219375
20230103,300895,91.66666666666666,,-0.546672087553365,0.08067226890756318,0.5495798319327729,0.25895546461682084
20230103,601881,65.21739130434783,,,0.09150326797385633,0.1143790849673203,0.2799564270152506
20230103,300756,90.9090909090909,,,0.00940438871473348,0.08025078369905958,0.2206896551724138
20230103,000997,66.66666666666666,,,0.07869339272457321,0.2821083890126208,0.42019302152932436
20230103,300913,73.07692307692307,1.6882435164381313,,0.06805970149253726,0.7707462686567164,2.9598947439116827
20230103,000603,84.7457627118644,,-1.0745283206345726,0.1093514328808447,0.24509803921568651,-0.06711915535444946
20230103,002177,76.66666666666667,,,0.021943573667711602,-0.03134796238244508,0.2601880877742946
20230103,002150,86.36363636363636,,-1.1972527896234082,0.21388101983002827,-0.028328611898016942,-0.14966949952785658
20230103,000737,77.96610169491525,,0.16629035732926134,0.23900573613766718,0.21988527724665397,0.06118546845124273
20230103,000630,71.1864406779661,,,0.13607594936708867,0.012658227848101333,-0.034093504671895425
20230103,002432,85.48387096774194,,3.0791802815387954,0.045022317096836906,-0.13564913642538323,-0.26695714065013554
20230103,603809,80.15873015873017,,0.050217883415102936,0.24374420759962923,0.07136237256719169,0.07155846077138905
20230103,603203,77.27272727272727,,-0.16971649874785966,0.11062097047845265,0.15914489311163882,0.07218622025167232
20230103,002048,80.95238095238095,,-0.01190991735842478,0.1137640449438202,0.020365168539325795,-0.044345093046617934
20230103,300515,66.81818181818183,,-0.269905622476727,0.09225957779515248,0.1931196247068021,0.2419788571707946
20230103,300823,48.63636363636364,,,0.0627640313820157,0.0814725407362702,0.27265842209915836
20230103,002448,86.5079365079365,-0.44568315256614105,,0.0802919708029195,0.020072992700729708,0.3242787771200093
20230103,600999,76.08695652173914,0.03680363625533097,,0.09886792452830195,0.05886792452830192,0.04603773584905668
20230103,002756,1.694915254237288,,0.5356784307078954,0.2237093690248566,-0.07340131718716802,-0.07956003079497886
20230103,300817,70.45454545454545,,,0.1087077093732669,-0.04159733777038266,-0.022105756135579746
20230103,600030,84.78260869565217,,,0.11005025125628154,0.055276381909547645,0.0170854271356784
20230103,002429,96.49122807017544,,,0.11267605633802802,0.3859154929577464,0.6292453609167297
20230103,603565,75.47169811320755,,-0.9037720088721228,0.10416666666666674,0.157258064516129,0.08546640414415285
20230103,600114,95.0,,,0.15717539863325736,0.05580865603644636,-0.10457471593324175
20230103,002014,84.21052631578947,-0.12674761842867682,,0.06150061500615012,0.11316113161131613,0.11865328462066493
20230103,600660,78.57142857142857,0.22068527069104224,,0.10140845070422522,-0.01802816901408455,0.04217953734596658
20230103,301061,93.42105263157895,,2.819321452818175,0.09798566063502889,0.13144417890064863,0.31494170727706483
20230103,300130,68.33333333333333,1.9841743315102816,-0.5702129259577617,0.09538950715421302,0.4268680445151034,1.2766490407920936
20230103,002283,82.53968253968253,,-0.7679008453899279,0.180327868852459,0.17008196721311464,0.3114754098360655
20230103,688981,81.9047619047619,,1.4209249149921042,0.04622051035146857,0.31391429947039007,0.22773230621088114
20230103,600483,77.38095238095238,0.13075051162286855,,0.17314814814814827,0.12962962962962976,0.08703703703703702
20230103,601211,63.04347826086957,,,0.08178438661710019,0.08624535315985127,0.09794225756332908
20230103,002978,20.33898305084746,,-0.9727683950363788,0.14134897360703835,0.0788856304985337,-0.03402487065509452
20230103,301075,100.0,,,-0.15358744394618828,-0.26793721973094164,-0.3259529147982063
20230103,002986,44.44444444444444,,0.10500302491894634,0.07857469164001829,0.2476016445865692,0.24714481498401097
20230103,603083,96.15384615384616,,,0.1655348047538201,2.511035653650255,4.314091680814941
20230103,000913,7.142857142857142,0.3751970662436631,-0.2829207807369314,0.33587398373983746,0.10467479674796754,-0.06504065040650409
20230103,600595,59.32203389830508,,-0.9712613615255867,0.13861386138613874,0.06270627062706291,-0.11221122112211213
20230103,600398,88.88888888888889,,-0.5954855998795551,-0.013182674199623379,0.15819209039548032,0.4089872773100107
20230103,603339,42.27272727272727,1.2784152131505206,,0.09069212410501182,0.18456642800318224,0.28124207023160297
20230103,300921,57.692307692307686,,,0.09120699071545602,0.3839432004369199,0.5370049944317694
20230103,601016,25.0,0.5060617423390775,0.9713689856560241,0.028205128205128105,-0.007692307692307665,-0.030516313196051748
20230103,002738,18.64406779661017,,1.1341572292571596,0.24615814473316577,0.01536742106733735,0.013880117517423685
20230103,600894,50.90909090909091,,-1.23764320694804,0.05990783410138256,0.13517665130568357,0.17310461449722014
20230103,600455,43.333333333333336,,,0.11677186654643812,0.11181244364292153,0.03381424706943181
20230403,000408,86.4406779661017,,-0.758527810335677,-0.026073642067644398,-0.016671983500504473,-0.0010911850282409041
20230403,601728,45.45454545454545,,,0.019938650306748462,-0.10806689346340093,-0.06740220331156399
20230403,601339,84.78260869565217,,2.343456471477167,-0.13517441860465118,-0.10875864447462491,-0.11033885964399615
20230403,002842,94.91525423728814,,,-0.06838565022421517,-0.04260089686098667,-0.04484304932735428
20230403,000737,83.05084745762711,,0.16629035732926134,-0.06739811912225702,-0.1300940438871474,-0.13636363636363635
20230403,688668,78.18181818181819,,0.34919967315043204,-0.1252657151533555,0.43840089619262135,-0.2479060071521163
20230403,688205,80.0,,0.383478878183968,0.0969052829009065,0.08502824031656919,-0.0562923698549086
20230403,000960,76.27118644067797,,,0.045143638850889234,0.10299592854102824,-0.031515770061536275
20230403,301205,90.9090909090909,,,0.5406554076725201,2.8261495123561335,0.6559231817810465
20230403,300570,89.0909090909091,,-0.9014052557892034,-0.143668559973271,0.7724690945539592,0.4067989608255296
20230403,000807,71.1864406779661,,-1.0223674827256288,0.07153729071537285,0.002069763258848889,0.1662550398543372
20230403,300502,98.18181818181819,,-1.0296936992829486,0.10326460481099664,0.6323961150514159,0.0833656035103627
20230403,600219,55.932203389830505,,-1.0427921768698285,-0.014792899408283988,-0.07980382580848833,-0.05882215408425184
20230403,000975,74.57627118644068,,,0.022498060512024853,-0.0380139643134213,0.1086113266097748
20230403,601328,78.125,,,0.16078431372549007,0.15490196078431362,0.20846321715636407
20230403,300540,80.8695652173913,,,0.07860696517412924,0.3338308457711443,0.08059701492537319
20230403,603115,96.61016949152543,,,-0.18253968253968256,-0.11451247165532874,-0.17679767602224217
20230403,300548,87.27272727272727,,,-0.10350837832180515,0.10052074937047362,0.04642211702782406
20230403,601319,87.2340425531915,1.3662231289827405,,0.28378378378378355,0.1718146718146718,0.1525255031373156
20230403,688143,76.36363636363637,,,-0.02300884955752225,0.08083738842824784,-0.034634205545383545
20230403,603889,91.30434782608695,,-0.7915092368005117,0.14462299134734247,0.33835957506531056,0.4417288105378345
20230403,688182,65.45454545454545,,0.5551540103285942,0.00867052023121384,0.374040040135575,0.3010206200355825
20230403,300563,60.0,,,-0.14386459802538787,0.11574561615381596,0.0674818108748978
20230403,002448,88.9763779527559,-0.44568315256614105,,0.0948121645796065,0.29821962408186975,0.33276608466668134
20230403,600888,45.76271186440678,,-0.8028717663046132,-0.028768699654775576,-0.04399187573090191,-0.04399187573090191
20230403,002270,93.54838709677419,,,0.13661202185792343,0.2158578421402324,0.6099391919622767
20230403,002833,73.47826086956522,,-0.2396242835101471,-0.04125950054288807,0.06424721836066238,0.09093680377409585
20230403,300689,69.0909090909091,,1.3409331607028925,-0.05287569573283857,0.06404696662950116,-0.028842336437238325
20230403,601688,91.48936170212765,-0.05566807010411285,,0.09049429657794672,0.07148288973384043,0.23080458006062154
20230403,600114,93.04347826086956,,,-0.1758360302049622,-0.15190571800365293,0.3989184032929436
20230403,601169,62.5,,,0.09728506787330327,0.06108597285067874,0.11990843610588908
20230403,688159,61.81818181818181,,,-0.07385854968666072,0.7363473589973142,0.7144136078782453
20230403,600000,59.375,,,0.06815020862308763,0.018080667593880273,0.02181470418275433
20230403,301000,89.76377952755905,,0.08959301295021768,-0.011709601873536424,0.11267353487423182,0.10526805377689907
20230403,603045,91.52542372881356,,2.001685275385472,-0.002111189303307448,0.067558057705841,0.10186721655454023
20230403,000630,67.79661016949152,,,0.03750000000000009,-0.04616733586349686,0.023780392839846787
20230403,601985,83.52941176470588,,-0.5083548693806367,0.11875000000000013,0.11093749999999991,0.17738095238095242
20230403,002871,76.95652173913044,2.390350862058738,,0.07448566317616145,0.1612948923528008,-0.036240394447103474
20230403,300488,59.56521739130435,,,-0.07952116289012401,0.02265925609234709,0.20841161151503385
20230403,601038,52.60869565217391,,-0.5225884265236922,0.07414104882459305,0.08950725658313563,0.13378866921310228
20230403,000962,100.0,,-0.37482530524572105,-0.061821219715956555,0.029239766081871288,0.07017543859649145
20230403,603979,84.7457627118644,,1.846768633119783,0.09726848767488327,0.02964690206528986,0.22737630333515124
20230403,600522,56.36363636363636,,,-0.17383918459796155,-0.06908267270668178,-0.15136192770891432
20230403,603095,66.95652173913044,,,-0.08102521703183141,-0.08749429820743737,-0.09634849566434434
20230403,300836,92.17391304347827,,-0.7158038393886129,0.010830324909747224,0.1692739671079022,0.12033694344163681
20230403,301377,100.0,,,-0.12505832944470374,0.04980441580460959,-0.08639401709737049
20230403,002177,75.75757575757575,,,0.16828478964401294,0.30097087378640786,0.2944983818770226
20230403,000657,98.30508474576271,,,-0.025335320417287588,-0.05721916947826544,-0.09985262944019391
20230403,300756,83.47826086956522,,,0.09518282066163652,0.13000580383052807,0.03482298316889154
20230403,601229,84.375,,,0.06489184692179695,0.03480081439936478,0.09535714432979248
20230403,600595,64.40677966101694,,-0.9712613615255867,0.012422360248447006,-0.1645962732919254,-0.12422360248447206
20230403,603040,96.8503937007874,,-1.1946450098092711,0.059438896814075326,0.27637674518785693,0.15855333780248837
20230403,002283,82.67716535433071,,-0.7611078436558054,0.005253940455341555,0.12084063047285465,0.2327898555113621
20230403,600050,12.727272727272727,-0.20036852552351722,,-0.021582733812949728,-0.11690647482014405,-0.10043226978354514
20230403,600016,37.5,-0.7800850641770078,,0.15652173913043477,0.16379430323609,0.12091767101160267
20230403,603298,80.43478260869566,-0.4385806465772049,,0.08350409836065587,0.29851527757726015,0.3397960449529558
20230403,600251,91.17647058823529,,-0.6732528046350674,0.11176470588235299,0.06715407027129627,0.15718394121656876
20230403,603556,67.74193548387096,,-0.3876341497069112,0.03526338702655618,0.13577051002748708,0.1585933216947062
20230403,600301,89.83050847457628,,1.2715346023919747,0.06773618538324433,0.06773618538324433,-0.1271538918597741
20230403,603699,97.3913043478261,,,0.09455128205128194,0.17067307692307687,0.25387801887142913
20230403,002638,87.71929824561403,,,0.09056603773584904,0.31698113207547185,0.03396226415094361
20230403,603803,54.54545454545454,,-0.5454076183828571,-0.180327868852459,0.03327437287095569,-0.0877694833759084
20230403,002155,77.96610169491525,,-0.958823841906626,0.019385026737968047,-0.16031514455882112,-0.18522961099933732
20230403,601601,76.59574468085107,0.3554589777738603,,0.2928679817905919,0.07233210781291022,0.12161207600284185
20230403,600660,78.74015748031496,0.22068527069104224,,-0.03298909925415949,0.0613130687258121,0.1401823797780668
20230403,000612,66.10169491525424,,-1.1782930935943496,-0.0710382513661203,-0.09946294930897193,-0.04953584382918197
20230403,002017,41.81818181818181,,-0.9526481692062988,0.00821744627054355,0.05591225507880759,-0.08796302478314433
20230403,601101,100.0,,-0.55121398946973,0.006279434850863463,-0.01939432140061992,-0.009422060262321064
20230403,002483,35.65217391304348,,0.8324221176639484,-0.007339449541284404,0.0646018442707581,0.10163147363669767
20230403,002517,94.73684210526315,,-0.7532768714516375,0.4004629629629628,0.1064814814814814,-0.02162354859594595
20230403,605118,89.39393939393939,,-0.04360736016123702,-0.1449864498644986,0.16485554240640243,0.03944101940887301
20230403,603516,100.0,,-0.05850013180433293,0.09378238341968892,0.03288725080324606,-0.1466321958099125
20230403,688498,100.0,,,0.3613068181818182,1.0176020860825172,0.5614485709682091
20230403,300835,93.22033898305084,,-0.7797797690209032,-0.17932960893854744,-0.11033269027741344,-0.24056220795100114
20230403,300304,93.7007874015748,,-0.650267493370066,-0.0010131785267307736,0.16230313835955745,0.22593287221135783
20230403,600236,96.47058823529412,,-0.9538346142023661,0.0053859964093356805,0.037036954960864454,0.044484258048554715
20230703,601518,83.07692307692308,,-0.7171258873451208,0.07786885245901631,0.069672131147541,0.0901639344262295
20230703,600251,90.0,,,0.07986501687289116,0.08436445444319474,-0.016872890888638747
20230703,000762,4.225352112676056,,0.26334986162852686,0.030948419301164654,-0.2242928452579035,-0.042160966299362834
20230703,600061,23.88059701492537,,,0.08839779005524862,-0.05524861878453036,-0.07596685082872934
20230703,601601,82.08955223880598,-0.09183898767626317,,0.09117647058823519,0.045955882352941124,-0.12426470588235294
20230703,600941,48.529411764705884,,,-0.005379746835443178,0.06822164268880826,0.06498558803055676
20230703,601319,92.53731343283582,-0.8122782249165797,,0.05971678623554566,-0.01646093801461357,-0.19420896126498455
20230703,601169,57.89473684210527,,,0.0645740702867954,0.05543609543454808,0.0394446394431156
20230703,600483,60.416666666666664,,,-0.03555024152552633,-0.019495192038436415,-0.014908035042125012
20230703,600566,68.38487972508591,,0.0625223121540179,-0.11395101171458988,-0.03798367057152996,0.1821086261980831
20230703,601619,38.54166666666667,1.7380528427449786,-0.05415756258605909,-0.0503282275711161,-0.15317286652078776,-0.2231947483588621
20230703,000408,90.14084507042254,,0.8733089783157442,0.03346371142981308,0.01584496547523262,0.16797416278610044
20230703,601728,39.705882352941174,-1.0126803290780435,,-0.0017421602787457413,0.04559163669766564,-0.041838380705381484
20230703,002738,29.577464788732392,,0.4324733607325207,-0.1223851417399805,-0.30107526881720437,-0.2877810361681329
20230703,600971,69.56521739130434,,-1.0108957643019476,0.02506265664160412,0.17669172932330834,0.4436090225563911
20230703,600598,75.0,,,0.06740740740740736,-0.02444444444444449,-0.1074074074074075
20230703,000915,47.07903780068728,,,0.01624394414363084,-0.07295525790823587,-0.1607295525790824
20230703,002543,37.142857142857146,,,0.022499999999999964,0.057499999999999885,0.12125000000000008
20230703,601019,65.0,,,0.016591064626725993,0.04753577572584855,0.0876492901135999
20230703,002772,95.0,,,-0.06615532118887812,-0.17449664429530198,-0.22914669223394057
20230703,601330,64.51612903225806,,,0.04211091722654281,-0.04927839095955444,-0.06973868383703896
20230703,600998,62.88659793814433,,-0.5863638657806532,-0.0566959921798631,0.045943304007820096,-0.020950167071016046
20230703,002756,12.676056338028168,,1.73796896373986,-0.14222292690661176,-0.2772078637477302,-0.16230660262601293
20230703,300910,19.004524886877828,1.885948094844864,1.9419807265687326,-0.005645161290322553,-0.11108870967741935,-0.11512096774193548
20230703,603568,50.0,-0.16328014886427472,2.132699387972004,0.040217403529601015,-0.0005191853565554849,-0.06076343652622351
20230703,601811,73.75,-0.1493057095895277,,0.006451612903225934,-0.04659498207885315,-0.023655913978494647
20230703,000591,5.208333333333334,-0.53987244947965,-0.08793758488549874,-0.032163742690058506,-0.1564327485380117,-0.1842105263157895
20230703,600757,85.0,-0.7334628622589762,,0.0035087719298245723,-0.11578947368421055,-0.1274853801169591
20230703,601016,30.208333333333332,,-1.3821501439236674,-0.0027100271002709064,-0.11653116531165308,-0.17886178861788615
20230703,600390,37.3134328358209,-0.3886927628581893,,0.10526315789473695,-0.061705989110707904,-0.13384896421596437
20230703,002987,71.42857142857143,-0.04297053314671985,,-0.0772357723577235,-0.14137308039747065,-0.16711833785004504
20230703,000719,90.0,,,-0.008743252971602056,-0.030130593667336725,-0.09243284699838972
20230703,600352,76.01809954751131,,-0.3787897893576821,0.06543710105019374,0.0012279192708664066,-0.07930563075744246
20230703,688335,66.12903225806451,,,-0.06344042293615293,-0.1232208214721432,-0.23385851395059976
20230703,000623,83.16151202749141,0.11226774352899632,-0.388275405512224,0.09865408648454577,0.08976324416617354,-0.03724878895342698
20230703,603095,66.01941747572816,,,-0.011673151750972943,-0.009703169459120642,0.08429559386762042
20230703,600050,14.705882352941178,,-0.7649872761918685,0.05562243040938264,0.0186551079436843,-0.1022038731719902
20230703,300628,16.176470588235293,,0.43493218976037745,0.10831161309006654,0.05174568632392429,-0.1538454838594734
20230703,000596,11.235955056179774,-0.46270157763981806,1.5519201610693303,0.0660466438384506,0.07824587721397491,-0.1114363586152034
20230703,002091,58.92857142857143,,1.4700738932278279,0.03795811518324599,-0.03664921465968585,0.024869109947643908
20230703,600694,60.71428571428571,,,0.0922222222222222,-0.018333333333333313,-0.04833333333333334
20230703,688589,7.8125,,1.6061749225340614,-0.007524271844660202,-0.04344660194174754,-0.025485436893203928
20230703,002728,53.264604810996566,1.0676022304316897,1.5586342776567645,0.022236756049705875,0.011772400261608862,0.17658600392413337
20230703,000893,85.06787330316742,,0.11704278096736175,0.1724285104566794,0.1886470337174564,0.05377720870678626
20230703,601231,57.03125,,,-0.10814094775212635,-0.10935601458080191,-0.08930741190765479
20230703,002821,79.72508591065292,,-0.31893086232579115,0.055462325893606224,0.28771605974156755,-0.06192314146668909
20230703,600863,84.375,,,-0.10043394369338376,-0.11051311519261753,0.017996321422613315
20230703,601211,80.59701492537313,-0.4788588652744062,,0.09001406469760909,0.018987341772152,0.04571026722925464
20230703,603393,56.25,,-0.7510379156368695,0.008985398727068494,0.08348932983901158,0.16660426806439532
20230703,002441,36.312849162011176,,,-0.06148287371140082,-0.13209511464168588,-0.1472901538292155
20230703,000823,51.953125,,,-0.0031578947368420263,-0.029473684210526208,0.015789473684210575
20230703,300590,20.588235294117645,,,-0.07794361525704807,-0.04892205638474301,-0.01243781094527352
20230703,600123,13.043478260869565,,,0.05861244019138745,0.14473684210526305,0.3744019138755983
20230703,002034,27.419354838709676,,,0.029728020240354258,-0.01834282099936746,-0.010952576494478117
20230703,601900,88.75,,-0.8296223837850252,-0.05607499172745389,-0.20570914070442647,-0.3322832324760435
20230703,603920,76.171875,,-0.5168368170489257,-0.04136789851075562,-0.06232763375620509,-0.0011031439602868787
20231009,000408,89.04109589041096,,0.4223660228531887,-0.011962782454585708,0.14975631369073983,0.4040762073548958
20231009,600251,83.33333333333334,,,-0.03941908713692943,-0.0933609958506223,-0.11203319502074682
20231009,600352,77.72727272727272,,-0.9114470901373801,-0.03152173913043488,-0.08043478260869563,-0.06413043478260871
20231009,600016,7.894736842105263,,,0.0191256830601092,0.02732240437158473,0.0983606557377048
20231009,601688,93.05555555555556,,,0.017110266159695797,-0.12991128010139408,-0.09632446134347272
20231009,601336,95.83333333333334,,,-0.10242440751838744,-0.15009534186870077,-0.16834649959139203
20231009,601319,81.94444444444444,,,-0.0895008605851979,-0.18072289156626498,-0.08777969018932863
20231009,002738,30.136986301369863,,1.2668028516355003,0.01762237762237784,0.01902097902097899,0.08391608391608396
20231009,603871,95.16129032258065,,,-0.017817371937639215,-0.07015590200445443,0.38752783964365256
20231009,000651,66.66666666666666,,-0.9341478932637387,-0.07540983606557383,-0.12486338797814212,0.0961748633879782
20231009,002670,84.72222222222221,,,0.06040992448759441,-0.006472491909384925,0.02157497303128375
20231009,002772,78.57142857142857,,,-0.04994192799070851,-0.0662020905923345,-0.09175377468060397
20231009,600598,64.28571428571429,,-0.6520856290995695,-0.03492786636294598,-0.08504176157934706,-0.05998481397114652
20231009,002833,53.753753753753756,0.5230688640879494,0.6513368937990167,-0.053195042303894935,-0.06581910840650962,0.05726553609398399
20231009,601601,65.27777777777779,,,-0.033391915641476366,-0.1627416520210896,-0.16625659050966612
20231009,601318,77.77777777777779,,,-0.042468059427640426,-0.1621860852495891,-0.12440273667457702
20231009,300628,65.21739130434783,,-0.30530384228406887,-0.08265847528623282,-0.19547612398771297,-0.23066182630550125
20231009,000923,85.71428571428571,-0.3871338950504891,1.9151660576481817,0.0407013149655604,0.066374452097683,0.0569818409517846
20231009,603040,89.65517241379311,0.0029721218646982443,,-0.10058675607711653,0.14417435037720017,-0.0959765297569154
20231009,002533,82.10526315789474,,-0.7362389234119293,0.027486910994764413,0.07853403141361248,0.4070680628272252
20231009,600000,50.0,,,-0.024182076813655806,-0.061166429587482196,0.028449502133712556
20231009,603568,55.072463768115945,-0.004318781553830309,2.3389523477054133,0.042479908151549894,-0.06027554535017221,0.08151549942594727
20231009,601298,88.70967741935483,,-0.8857925545286744,-0.06269592476489028,-0.01253918495297801,0.14733542319749215
20231009,301004,77.66990291262135,,0.9262090712573346,0.026675633266083798,0.04931629679444072,0.5592916386460436
20231009,600030,91.66666666666666,-0.3642447658068196,,0.0023062730627305683,-0.07426199261992616,-0.10470479704797042
20231009,600219,54.794520547945204,,,-0.006369426751592244,-0.05095541401273884,0.09872611464968162
20231009,601156,83.87096774193549,,,-0.053410024650780485,0.23253903040262958,0.5028759244042726
20231009,600999,88.88888888888889,,,0.010783608914450182,-0.025161754133716685,0.01581595974119332
20231009,601229,81.57894736842105,,,-0.011382113821138184,-0.024390243902439046,0.10243902439024377
20231009,002716,90.41095890410958,0.7071067811865474,,-0.010869565217391242,0.018115942028985588,0.1340579710144929
20231009,000719,85.33333333333334,,,-0.03930968360498566,-0.06423777564717148,0.22818791946308736
20231009,601218,66.84210526315789,,-0.2062494905345123,0.04878048780487809,0.10027100271002709,-0.12195121951219512
20231009,300897,68.76876876876878,,-0.9538737968120921,-0.05575997735635441,-0.018964053212567222,-0.13869232946504384
20231009,601211,79.16666666666666,,,0.029675638371290614,0.026224982746722025,-0.03588681849551423
20231009,601038,61.261261261261254,,-0.6948282135875908,-0.05207485760781139,0.18714401952807136,0.37428803905614316
20231009,603920,75.27272727272727,,,0.05176470588235271,0.06529411764705872,0.09529411764705875
20231009,002428,98.63013698630137,,-0.650464972331567,-0.019832189168573544,-0.05339435545385196,-0.12967200610221208
20231009,600531,63.013698630136986,,,-0.027607361963190136,-0.04907975460122693,0.039877300613496924
20231009,600888,38.35616438356164,,,-0.05269761606022583,-0.0790464240903388,0.01129234629861986
20231009,605117,84.21052631578947,,0.5452028600544191,-0.11086445547140245,0.03355967615565425,0.29302689997388365
20231009,603299,44.54545454545455,,,-0.05228758169934655,-0.05773420479302849,0.0032679738562091387
20231009,600660,85.0574712643678,,-0.5695869147564802,-0.03419472722526751,-0.01644479248238062,0.1694074654137303
20231009,300234,80.95238095238095,,,0.001890359168241984,0.02277021045413785,-0.15310803134358308
20231009,603323,34.21052631578947,,,-0.027272727272727337,-0.045454545454545414,0.04318181818181821
20231009,000776,94.44444444444444,,,0.008196721311475308,-0.030054644808743203,-0.08060109289617479
20231009,601619,44.44444444444444,,1.0276376170327468,-0.07751937984496127,-0.08268733850129206,-0.12144702842377264
20231009,600551,76.0,,,-0.0700354609929078,-0.024822695035460973,0.18085106382978733
20231009,605098,93.18181818181817,,-0.5660414630797187,-0.054257724189901824,-0.020095453403667363,0.13313237879929662
20231009,603203,72.07207207207207,,0.07168868172154469,-0.01745129870129869,0.15340909090909083,-0.17573051948051954
20231009,000915,44.94773519163763,,,0.011374116200430384,-0.09468183215493398,0.09375960651706117
20231009,000807,64.38356164383562,,,-0.07204230006609391,-0.1844018506278916,-0.06675479180436228
20231009,600694,64.51612903225806,,,-0.032258064516129004,-0.03056027164685915,-0.02037351443123936
20231009,301016,78.37837837837837,,,0.00661959399823453,-0.02206531332744932,-0.2157987643424537
20231009,002565,96.11650485436894,,2.2088506061134363,0.05182926829268286,0.04878048780487787,-0.06707317073170738
20231009,000630,69.86301369863014,,,-0.04037267080745344,0.02795031055900621,0.23291925465838514
20231009,603558,91.8918918918919,,0.8453139479793783,0.08468677494199528,0.18525512373261654,0.2936553410790166
20231009,002056,67.36842105263158,,-0.042784175676723414,-0.1202185792349727,-0.18579234972677594,-0.09957498482088656
20231009,601916,36.84210526315789,,,0.0,0.0,0.17786561264822143
20231009,000878,46.57534246575342,,-0.24380673037504397,-0.06003430531732423,-0.06089193825042882,0.13722126929674117
20231009,600941,49.275362318840585,,,-0.05584166414217917,-0.0030293850348378504,0.05614460264566312
20231009,002842,93.15068493150685,,-0.6056635795393807,0.01291079812206597,0.03755868544600949,-0.19718309859154926
20231009,000680,81.98198198198197,,,0.0714285714285714,0.04831932773109249,0.7415966386554622
20231009,603889,64.86486486486487,,,-0.12578616352201266,-0.05534591194968563,-0.10943396226415103
20240102,600015,40.0,-0.35951236617338705,,0.05789473684210522,0.15087719298245617,0.20071019050152628
20240102,600016,11.428571428571429,,,0.042553191489361764,0.0691489361702129,0.013297872340425565
20240102,600251,72.72727272727273,1.3852841151910984,,-0.13615560640732272,-0.020594965675057253,-0.10038491017825091
20240102,300109,56.830601092896174,,-0.0022424441527685262,-0.16996699669966997,0.07865786578657863,0.015207467190005985
20240102,000915,55.33596837944664,,,-0.0872665534804754,0.20814940577249574,0.09063678078645565
20240102,603299,46.44808743169399,,,-0.09942196531791903,0.06473988439306355,0.20108477177659423
20240102,600967,70.83333333333334,,,-0.1428571428571429,-0.050000000000000044,-0.1357142857142858
20240102,601319,78.72340425531915,,,0.06302521008403361,0.11344537815126055,0.10084033613445365
20240102,600325,5.555555555555555,-0.5647898239397259,,-0.05755395683453235,0.025899280575539585,0.02877697841726623
20240102,000617,55.319148936170215,,,0.07208872458410354,0.06284658040665425,0.027726432532347633
20240102,000651,65.15151515151516,-0.21870723970789113,-0.8336474222665008,0.1014673743365595,0.2525757102716204,0.21448641898220422
20240102,603871,87.5,,,0.16646706586826343,0.4922155688622756,0.5285766506474758
20240102,600352,73.77049180327869,-0.3939073491078392,,-0.08628841607565008,0.01773049645390068,0.057783843102180876
20240102,002757,58.42696629213483,-0.2535506857279572,,-0.2151979565772668,-0.040868454661558085,-0.219807059964243
20240102,601117,48.64864864864865,,,-0.026729559748427723,0.0676100628930818,0.2955974842767295
20240102,002662,41.40127388535032,-0.24221356697492566,0.7206135457084077,-0.19436619718309855,-0.025352112676056415,-0.11109109597759226
20240102,603881,67.27272727272727,,,-0.2016334864726902,0.0020418580908627693,-0.1504217258922178
20240102,600694,68.62745098039215,0.4352378405125717,,-0.07705779334500884,0.01050788091068311,0.1683564101134163
20240102,301004,68.53932584269663,,0.37528977850521034,0.1486861781670583,0.48600726340525524,1.0639007708708021
20240102,600874,46.666666666666664,,-0.1700098128253266,-0.07155635062611798,0.01610017889087656,0.02325581395348819
20240102,600757,71.42857142857143,,-1.4229700668398408,-0.07506702412868638,0.09785522788203771,0.17231446034255216
20240102,300795,58.06451612903226,,-0.47693875913838163,-0.14694960212201602,0.09310344827586192,-0.31356696825440245
20240102,601928,53.57142857142857,,,0.06117908787541704,0.25250278086763056,0.2736373748609564
20240102,002478,72.72727272727273,,-0.8121476212880562,-0.08944543828264762,0.17173524150268316,-0.03908598534904517
20240102,600486,24.043715846994534,,,-0.20512820512820507,-0.12417352039993546,-0.06869859700048375
20240102,601677,30.76923076923077,-0.14534234520813055,,-0.15798764342453653,0.0026478375992939895,0.06549856941166032
20240102,002978,5.769230769230769,-0.1936073591672353,0.6314477108171955,-0.17011278195488722,0.02913533834586457,-0.0988857994440111
20240102,603619,64.70588235294117,,-0.7454967826068796,-0.054699946893255524,0.3483802442910249,0.3049408081752776
20240102,000063,27.27272727272727,,,-0.13007812500000004,0.09999999999999987,0.09921874999999991
20240102,300695,73.24840764331209,,-0.5912654993996922,-0.2506621263715474,-0.10442678774120306,-0.29606507756337497
20240102,601016,47.61904761904761,,,-0.07920792079207917,-0.01650165016501648,0.029616684312480546
20240102,600211,72.72727272727273,,-0.12329000310775405,-0.1908256880733944,-0.0648318042813455,-0.10293018232552165
20240102,300360,28.666666666666668,0.3246381948886404,-0.8568818036565354,0.07153284671532845,0.20802919708029188,0.2748242148591069
20240102,300628,41.81818181818181,-0.3253504122160992,,-0.1402290871225269,-0.04373481430059001,0.25602098319244715
20240102,000596,5.405405405405405,0.06498092938724134,-0.12315244824818959,-0.10822858161718829,0.1990728358741196,-0.05550928104258546
20240102,000521,31.818181818181817,,,0.273356401384083,0.5951557093425603,0.38603028262734873
20240102,000589,11.464968152866243,1.7663670910282991,-1.1855547888007365,-0.1544715447154471,-0.047154471544715526,-0.1281180965525992
20240102,601318,72.3404255319149,,,0.02102862933873828,0.045097542437293914,0.0544717506967316
20240102,601330,71.11111111111111,,,-0.0014662756598240456,0.0014662756598240456,-0.10203361389938836
20240102,600720,2.7027027027027026,,,-0.11665004985044869,0.010967098703888345,-0.06245614978173386
20240102,605507,69.96047430830039,,-0.7464365798921633,-0.17743764172335597,-0.1264172335600907,-0.030731893014131706
20240102,603187,11.235955056179774,,,-0.12358803986710964,0.04318936877076407,-0.19402946354761785
20240102,601199,66.66666666666666,,1.7389056498594602,-0.097029702970297,-0.037623762376237546,0.028746188763128844
20240102,688425,38.20224719101123,,0.054081665631631394,-0.0678391959798994,-0.005025125628140725,-0.0678391959798994
20240102,002818,39.21568627450981,0.30925928196848457,,-0.0300870942201108,0.09263657957244664,0.03290782125286107
20240102,300349,26.96629213483146,,-0.5859114605529454,-0.17090620031796488,0.050874403815580393,-0.01258312911124615
20240102,600835,61.42322097378277,,,-0.07788944723618085,0.020938023450586263,0.01702022062640629
20240102,601818,20.0,,,0.07241379310344831,0.06896551724137945,0.09999999999999987
20240102,603161,66.87898089171973,,0.4612974271892813,-0.1843088418430885,-0.05479452054794531,-0.05853051058530523
20240102,300073,37.333333333333336,,-0.5039647793599863,-0.17377483443708608,0.0770860927152317,-0.07249973059332049
20240102,002772,78.78787878787878,,,-0.17164179104477617,-0.02736318407960192,-0.21123237194874167
20240401,002738,45.28301886792453,,1.8542152472875149,-0.07587096774193547,-0.28131985350473565,0.015202251382569809
20240401,600016,8.333333333333332,-0.6323901653876285,,-0.02487562189054726,-0.052238805970149294,0.08894898161394527
20240401,600015,27.77777777777778,-0.3382409951184916,,0.0167682926829269,0.04330001308821663,0.258430093306407
20240401,601619,71.76470588235294,,-0.6884163115342461,0.038235294117647145,-0.06843540387941349,0.040803441268277396
20240401,601319,93.61702127659575,,,0.0018867924528300772,-0.01132075471698124,0.5731684761358751
20240401,601601,82.97872340425532,,,0.13406408094435074,0.20320404721753804,0.7827489674698553
20240401,600967,75.0,,,0.012531328320801949,-0.09022556390977454,0.08907676179902735
20240401,688639,0.5291005291005291,1.0805681774635025,2.1852779323442406,0.1515620730485474,-0.29957191001001904,-0.3697807203221912
20240401,000617,72.3404255319149,,,0.03304347826086951,-0.03304347826086951,0.4427958104882779
20240401,601518,63.1578947368421,,,0.0912863070539418,0.03319502074688807,0.18351621555262576
20240401,000063,42.857142857142854,,,0.02059659090909105,-0.0007102272727272929,0.24659246668689638
20240401,600325,5.263157894736842,-0.5647898239397259,,-0.11220196353436185,0.0028050490883591017,0.0655047747902795
20240401,600352,79.36507936507937,-0.4552284397271435,,0.09059233449477344,0.03935555315266548,0.2866504951096789
20240401,002034,40.42553191489361,,,0.07552650689905582,-0.01950099150054052,0.20374424417142412
20240401,600720,2.380952380952381,1.0478879528160605,0.057458585127536224,0.08481262327416172,-0.07262674381763212,0.056631033039644896
20240401,600971,50.0,,-0.3575467990316262,0.09243697478991608,0.1152781868530166,-0.013234932180006043
20240401,600598,70.58823529411765,,0.40894944067125816,0.08642972536348936,0.08275126711442726,0.287438042147633
20240401,000651,70.1492537313433,-0.17300181697983819,-0.8031006697210958,0.08200398803589226,-0.030408773678963108,0.3594833791891938
20240401,603881,67.85714285714286,,,-0.04075394803871635,-0.1521529093341084,0.1746076256085547
20240401,600874,48.93617021276596,,0.9244890668914547,0.08098591549295775,0.007042253521126751,0.1145195979628455
20240401,603338,48.08362369337979,,-0.43940105982611777,0.15069642557476093,0.044156005340951765,-0.0036080334591572782
20240401,600941,19.642857142857142,,,-0.03623673391337601,0.04995137991326537,0.1010968970367061
20240401,600566,49.01960784313725,,-0.1700266144083819,0.10858652575957728,-0.07812985617918411,-0.10278611559786865
20240401,600901,85.1063829787234,-0.28388750737974183,,0.05991735537190079,0.16200650495628022,0.22142729214154455
20240401,600211,72.15686274509804,,-0.851469519460418,0.16222516074015725,-0.04073959980525044,0.31855997620303445
20240401,300897,67.59581881533101,,1.5298305237598313,-0.00032862306933945096,-0.10863381444287479,0.19111329047390546
20240401,600528,28.9198606271777,,-0.45603768470833833,0.037275064267352054,-0.042416452442159414,0.121077217020793
20240401,002662,45.06172839506173,,-0.050669805238781285,0.022309047360010714,-0.08796918806949483,0.02528954020945684
20240401,600486,34.39153439153439,-0.3226299650753411,,0.2194807586079912,0.06334008469895047,0.13240445034044757
20240401,300628,55.35714285714286,-0.32676510694789235,,0.2773139745916515,0.31346513705170254,0.7933147717289497
20240401,002033,81.81818181818183,,-0.28487724749525367,-0.02857142857142847,-0.0833478297664283,-0.009852332821197685
20240401,601163,38.2716049382716,,-0.7701279527443206,0.06848484848484837,-0.06545454545454543,0.03869836154909656
20240401,601717,55.749128919860624,0.10665461786898205,1.6797139643910604,0.14165042235217684,0.038074344806230176,-0.03204723345220384
20240401,002533,72.90322580645162,,,-0.0595348837209303,-0.0404964094864253,0.04576199410519899
20240401,605507,81.56862745098039,,-0.7080224403830923,0.12783906554185598,0.10953208353216848,0.44635432317586266
20240401,002757,51.21951219512195,-0.2648437030084042,,-0.05525965379494002,-0.1865631530652494,0.0047564486864191124
20240401,000521,41.7910447761194,,,0.17245119305856815,-0.13110032173686814,0.24834165662610164
20240401,600458,66.55052264808361,,,0.09894921190893169,-0.09632224168126102,0.003300248938099548
20240401,300590,16.071428571428573,,,0.22797927461139889,0.19396281432473317,0.890178597875567
20240401,601318,89.36170212765957,,,0.03006060606060612,0.008969696969697072,0.5507638327153284
20240401,600548,40.35087719298245,0.3616314022249934,,0.0563524590163933,0.11270491803278704,0.14264503554534502
20240401,600230,56.613756613756614,,,0.03240324032403241,-0.05361667862868036,0.06228561820271561
20240401,002381,18.51851851851852,1.8411329189643353,-0.2692432973632014,0.03772034242476541,-0.11366778733046834,-0.029563270799782937
20240401,301589,,,-0.11703125035335392,-0.07034632034632038,-0.25106081392747626,0.023815802237439287
20240401,000902,72.4867724867725,,,0.11992619926199266,0.16659909137451856,0.3158482058985461
20240401,601117,59.523809523809526,,,0.06038291605301915,0.21354933726067737,0.3055180991413895
20240401,603556,30.32258064516129,,-0.646462479181989,0.27173018919659997,0.2738904898727459,0.3513340526932036
20240401,603587,56.451612903225815,,,-0.0015540015540015384,-0.0031080031080029658,0.04992660889002587
20240401,688589,9.917355371900827,,-0.9410768803693682,-0.02493606138107418,-0.030475903065369958,0.18967634481686302
20240401,301419,57.14285714285714,,,-0.16246583662313996,-0.24340587849971063,0.014875434440903446
20240401,688080,10.714285714285714,,-1.0342705619969312,-0.0055679287305121505,-0.16106538846402751,0.02054520622804934
20240401,600835,77.00348432055749,,1.4856968984252659,0.10008203445447084,-0.0038374541198283874,0.23395070687458608
20240401,002091,69.23076923076923,-0.45369236064256757,0.21771825646462836,0.09431345353675447,-0.007824325434411694,0.15271721957547224
20240401,300130,38.75,1.5757045861252583,-0.7060052161035058,0.004551661356395176,-0.20445256106792375,0.28681800068823726
20240401,300695,69.75308641975309,,-0.580328127287098,-0.09674693705111959,-0.21398394592310954,-0.014575411913815062
20240401,688618,3.571428571428571,,,-0.1061541525592512,-0.277529188974158,-0.2054607898528663
20240401,002986,17.647058823529413,,,0.08817204301075265,-0.08241955961928049,-0.051351875417413706
20240401,601818,19.444444444444446,,,0.019354838709677358,0.029032258064515926,0.24076181916122796
20240401,001332,61.32404181184668,,-0.3290543435721665,-0.02972399150743099,-0.1411461375929407,0.1870161830997943
20240401,003011,57.14285714285714,,-1.1432279022826453,-0.024844720496894457,-0.14519221559442075,-0.03656308716769041
20240401,601298,85.96491228070175,,,0.12841530054644812,0.3210382513661203,0.27344400269349767
20240401,688100,8.928571428571429,,,0.004025301897642386,0.06555063477254364,0.46440428767920605
20240701,000612,73.13432835820896,,,-0.14880952380952384,0.07440476190476186,-0.043154761904761973
20240701,600531,76.11940298507463,,,-0.09315498582771775,0.19167748891230318,-0.023871410890955902
20240701,300620,90.14084507042254,,-0.7291380609513579,-0.07035040431266848,0.35067385444743926,0.33557951482479775
20240701,000807,68.65671641791045,-0.5618703479594751,,-0.13015184381778733,0.10203225326769227,0.009399789017038973
20240701,600211,65.24822695035462,,0.9315377172616497,0.01200480192076836,0.37455895806325357,0.1017457297453559
20240701,600967,75.0,,,0.07566173511717,0.19708437453942684,0.16652180195145783
20240701,688313,100.0,,,0.011677282377919207,0.3853503184713376,0.8057324840764328
20240701,002104,59.154929577464785,,1.8756728339611173,0.02395755102960062,0.4370313358199507,0.2605538033508339
20240701,002842,94.02985074626866,,0.3244019591548604,0.003816793893129722,0.25,0.196564885496183
20240701,000601,91.17647058823529,,,-0.03084832904884316,0.10282776349614386,0.023136246786632286
20240701,300897,64.75644699140402,,1.4301333210662575,-0.021535063500828344,0.33627829928216446,0.2802894645024825
20240701,300109,43.22033898305085,,-0.7323281689630995,-0.0008539709649871829,0.2724167378309137,0.2766865926558495
20240701,603881,67.6056338028169,,2.0216858328754106,0.04081632653061229,0.38540031397174257,0.6025060474430941
20240701,688360,71.91977077363897,,,-0.07327227310574513,0.4071606994171524,0.46544546211490445
20240701,600888,26.865671641791046,,,-0.06232686980609414,0.12049861495844882,-0.03462603878116355
20240701,600251,76.0,,,-0.032301480484522194,0.09690444145356669,-0.029609690444145298
20240701,002716,88.05970149253731,,,-0.0031847133757962887,0.12420382165605082,0.07961783439490455
20240701,002545,92.37288135593221,,-1.000784712820146,-0.09268793918287532,0.04531745518089436,0.008613892850104499
20240701,002396,78.87323943661971,,,0.016067329762815552,0.3810252486610559,0.379495026778883
20240701,603118,71.83098591549296,,,-0.08748114630467574,0.31070889894419307,0.47662141779788825
20240701,002987,84.84848484848484,,1.4460673070840615,-0.049665711556829084,0.4899713467048712,0.3113658070678129
20240701,603011,90.54441260744986,,0.3174241216725629,0.04414261460101887,0.2003395585738541,0.1307300509337861
20240701,002255,68.55670103092784,,,-0.022177419354838745,0.0786290322580645,0.10685483870967749
20240701,300590,38.028169014084504,0.020361582708498954,,0.0554089709762533,0.5831134564643801,0.2788038698328936
20240701,001207,81.35593220338984,2.515251479365908,,-0.038277511961722466,0.14832535885167464,0.3491545162200047
20240701,002895,88.5593220338983,,,-0.12187499999999996,0.18281250000000004,0.234375
20240701,300548,97.1830985915493,,2.7144173341418525,-0.049414161996943595,0.324503311258278,1.4605196128374938
20240701,600784,69.0677966101695,,,0.026098461595610578,0.28530078696736183,0.2745899470759672
20240701,300700,80.51575931232091,,-0.8579374808814006,-0.09870129870129862,0.16883116883116878,0.10000000000000009
20240701,300457,59.27835051546392,,-0.8538792072487175,-0.10661591620293887,0.3496667811169656,0.07124714797526588
20240701,002192,62.68656716417911,,-0.5238003478721116,0.05215946843853825,0.36312292358803977,0.03953488372093017
20240701,000878,28.35820895522388,,-0.07733520144314134,-0.10534591194968557,0.11898072335618792,-0.055958516492455646
20240701,000063,36.61971830985916,,,-0.011336009011089443,0.24747845991126516,0.380707848976781
20240701,603339,53.00859598853869,,,0.06600660066006614,0.26732673267326734,0.3421342134213421
20240701,601177,66.7621776504298,,-0.7650363681230146,0.08201438848920861,0.2359712230215827,0.1697841726618703
20240701,688208,90.9090909090909,,-0.46165808623503374,0.0677324358435003,0.5716192226775783,0.6238069050854893
20240701,603125,77.96610169491525,,0.4752697553833546,-0.0016694490818031094,0.07902058987200888,0.048414023372287174
20240701,000975,46.26865671641791,0.7811752577840672,,0.06489675516224191,0.07905604719764026,-0.05604719764011801
20240701,002498,78.35051546391753,,,-0.033033033033033066,0.12012012012012008,-0.009009009009008917
20240701,002272,87.10601719197709,,,0.12703688766888854,0.3664475291376301,1.0620935439713333
20240701,300959,81.69014084507043,,,-0.0701688555347092,0.2953095684803002,0.9883677298311444
20240701,300951,73.0,-1.0271459050063119,,-0.03336572724327824,0.13994169096209919,-0.07547781017168764
20240701,688678,71.66666666666667,,,-0.10075329566854996,0.19868173258003763,0.4350282485875707
20240701,000429,84.05797101449275,,0.6201599415822499,0.12283310219834642,0.11781148725112667,0.3759224955382243
20240701,603986,94.33333333333334,-0.2565357580747711,,-0.08124139392013552,0.02965787522508201,0.09088020336828717
20240701,002025,81.25,,,0.04503716659379098,0.3189768255356362,0.014210756449497097
20240701,300852,57.666666666666664,,-0.7098099706634697,-0.15930434782608704,0.056695652173913036,-0.09634782608695658
20240701,603579,68.75,0.7851196136800755,,-0.12915601023017909,-0.019181585677749413,-0.05438916330310806
20240701,603903,74.6268656716418,,,-0.1362359550561797,-0.016853932584269704,-0.10674157303370779
20240701,600885,84.02061855670104,-0.4833502865208951,,-0.014147431124348575,0.2747580044676099,0.13328369322412525
20240701,002938,87.0,-0.36901363276687205,,-0.06301020408163249,-0.030612244897959107,-0.09183673469387743
20240701,002091,59.67741935483871,,,-0.04081632653061218,0.16180758017492725,0.05944746929201261
20240701,002478,66.66666666666666,,,-0.01953125,0.103515625,0.013671875
20240701,603217,83.47457627118644,-0.5462568385781945,,0.0034291176162186687,0.16148887170972137,0.15433684663761715
20240701,301419,66.19718309859155,,-0.9891961532772298,-0.04129190515126735,0.3413736713000819,0.1896974652493868
20240701,002818,20.967741935483872,,,-0.09090909090909083,0.07240547063555924,0.23626085643012606
20240701,603889,61.97183098591549,,1.342027212075787,-0.1759379042690815,-0.02069857697283317,-0.10866752910737398
20240701,000737,67.16417910447761,,0.18540391193519246,-0.04255319148936165,0.1276595744680853,-0.19042553191489364
20240701,600595,59.70149253731343,,-0.8016718684806521,-0.016129032258064502,0.27419354838709675,0.12096774193548376
20240701,300938,97.61904761904762,,,0.02114803625377637,0.24471299093655596,0.3116817724068477
20240701,603920,59.66666666666667,,,0.08358974358974369,0.4369230769230772,0.5061538461538464
20240701,000923,55.55555555555556,,1.655414484777898,-0.2038614423622941,-0.047132311186825704,-0.21919363997728558
20240701,300193,37.249283667621775,0.372550320513755,1.4947997375184925,-0.006775067750677599,0.3997289972899727,0.20751817331549915
20241008,002842,98.64864864864865,,-0.7534958941576093,0.04580152671755733,-0.042748091603053484,0.06564885496183215
20241008,300328,91.8918918918919,,,0.07191780821917826,-0.17123287671232879,0.25114155251141557
20241008,002167,82.43243243243244,,-0.9078209870539211,0.06562054208273893,0.0342368045649073,0.29814550641940074
20241008,000408,86.48648648648648,,-0.8824470668196759,0.033862433862433816,-0.03774250440917104,0.3061728395061729
20241008,002545,90.68825910931174,,,-0.04353932584269671,-0.0351123595505618,0.06039325842696619
20241008,002716,89.1891891891892,,,0.014164305949008638,-0.03966005665722372,0.11331444759206799
20241008,600595,75.67567567567568,,-0.8668395741965799,-0.06962025316455689,-0.12025316455696189,0.2879746835443038
20241008,600988,78.37837837837837,,,-0.04378818737270873,-0.1731160896130346,0.15835030549898166
20241008,002378,93.24324324324324,,-0.7568166372092625,0.004103967168262557,-0.13269493844049252,-0.050615595075239384
20241008,002379,87.83783783783784,,,0.14759535655058054,0.48756218905472637,0.8673300165837479
20241008,300756,85.59322033898306,,-0.8004544861512828,-0.06654111738857504,-0.09039548022598876,0.09604519774011289
20241008,000960,70.27027027027027,0.050598215248504046,,-0.06497341996455996,-0.17720023626698167,-0.07511593763487912
20241008,002192,74.32432432432432,,-0.08478064963365851,-0.13282963685108462,-0.23738727760175482,-0.26127223982451864
20241008,600301,71.62162162162163,,2.3508720694797396,0.041980624327233595,-0.08503767491926795,0.17438105489773958
20241008,002272,92.65536723163842,,,1.447933884297521,0.5090909090909093,0.4925619834710744
20241008,603115,100.0,0.13759992204392146,,-0.008869179600886845,-0.06356245380635628,0.09682187730968228
20241008,000807,56.75675675675676,-0.034431116125780856,,-0.014676450967311516,-0.08405603735823886,0.17745163442294865
20241008,000657,97.2972972972973,,,0.0087890625,-0.126953125,-0.008789062499999889
20241008,601958,59.45945945945946,,,-0.06945606694560669,-0.16736401673640167,-0.10543933054393295
20241008,000962,94.5945945945946,,-0.2888114374073186,0.10597609561752974,0.10718061678529422,0.31023034722822906
20241008,300811,77.02702702702703,,-1.043498033572298,-0.052992756385817685,-0.0030499428135721818,-0.09245139153640869
20241008,300191,92.5925925925926,,-0.5429882856599024,-0.14626865671641787,-0.2549253731343284,0.05253731343283574
20241008,002850,87.11340206185567,,-0.9572659270417582,-0.0386274321863318,-0.10370938368637972,0.15786446851337121
20241008,300767,85.82995951417004,,-0.5989808478540606,-0.23891810668670166,-0.3365890308039069,-0.14425244177310292
20241008,002353,91.52542372881356,,,-0.022305592221427584,0.0011523712899692562,0.02684442656435615
20241008,603399,72.97297297297297,,-0.6921754274472249,0.10049019607843146,0.08333333333333326,0.11642156862745079
20241008,002149,79.72972972972973,,,0.024590163934426146,0.0700254397071618,0.31485639390216136
20241008,605376,95.94594594594594,,-0.8671948299465498,-0.01926434822313594,0.049986069936680755,0.3576825225170557
20241008,002931,95.48022598870057,,,0.0634272258020121,0.67731476069681,0.6483121999931187
20241008,000603,85.13513513513513,,,0.13040293040293038,-0.11794871794871797,0.13772893772893768
20241008,688313,100.0,,,0.15555555555555567,0.3034482758620687,0.2934865900383141
20241008,688125,94.35028248587571,,1.0817663874809134,0.20360610263522894,0.04521497919556183,0.04576976421636636
20241008,002824,58.108108108108105,,1.429625445023578,-0.00920245398773012,-0.05644171779141105,-0.0018404907975461127
20241008,300521,74.85875706214689,,,-0.062415196743555,0.4253731343283582,0.6027738999893555
20241008,300163,98.78542510121457,,2.2986119162631646,-0.06018518518518534,0.04166666666666652,0.3842592592592593
20241008,002730,90.11299435028248,,,-0.059259259259259234,0.8555555555555556,0.9740740740740741
20241008,601177,70.33898305084746,,-0.8662086888653524,0.047729918509895164,-0.05355064027939471,1.0197904540162979
20241008,605100,93.50282485875707,,,-0.08150882968572704,0.10341202157554918,0.7238902497745423
20241008,688102,90.54054054054053,,-0.4549221968018942,-0.12701612903225812,-0.13205645161290325,0.07110002302591023
20241008,600967,67.16417910447761,,,-0.05250596658711226,-0.025530842468583503,0.2936710447326838
20241008,000969,64.86486486486487,,,0.07326355851569932,0.021883920076118057,0.2721217887725975
20241008,603757,92.09039548022598,,,-0.13805676367179953,-0.10800983503808992,0.01800788057492997
20241008,002633,79.94350282485875,,,0.38716814159292046,0.19358407079646023,0.27101769911504436
20241008,603308,90.67796610169492,,,0.030191458026509466,-0.030927835051546393,0.3843888070692194
20241008,688485,99.71751412429379,,,-0.10625620655412127,-0.14597815292949357,0.002979145978152742
20241008,603023,86.4321608040201,,,0.1116279069767443,0.2604651162790699,0.4511627906976745
20241008,600151,86.5979381443299,,,0.04377564979480164,0.05745554035567735,-0.05335157318741446
20241008,000811,97.17514124293785,,,-0.05555555555555547,0.12314814814814823,0.164331730396297
20241008,600562,89.55223880597015,,1.539853337735738,0.031360946745562,0.08757396449704147,0.2171597633136093
20241008,600888,33.78378378378378,,-0.6476203664619036,-0.08281829419035858,-0.13844252163164406,-0.10259579728059331
20241008,601688,90.0,,,-0.07928726453051427,-0.12409841068239635,-0.14546186408038675
20241008,603955,81.25,,1.0150671724792162,0.02120890774125117,0.9925768822905618,1.0307529162248144
20241008,002348,97.95918367346938,,,-0.0357142857142857,-0.019480519480519543,0.08116883116883122
20241008,002738,55.4054054054054,,-0.38800854217354824,-0.08652333508127952,-0.08730991085474571,-0.15993707393812273
20241008,301021,96.89265536723164,,-0.24166062715342043,-0.13282732447817835,-0.040227703984819674,0.24060721062618606
20241008,300277,75.91240875912408,,,0.023850085178875657,-0.061328790459965976,0.03833049403747868
20241008,605208,68.91891891891892,2.2382428313183946,,-0.11749347258485643,-0.03524804177545693,0.4190600522193211
20241008,001337,67.56756756756756,,,-0.06076048608388873,-0.17326538612308895,-0.062720501764014
20241008,300697,50.0,,,-0.06666666666666665,-0.09565217391304348,0.15289855072463787
20241008,002195,87.59124087591242,,0.8290914652209627,-0.0705128205128206,0.2564102564102564,0.733974358974359
20241008,605060,87.28813559322035,,,-0.03935483870967749,0.15870967741935482,0.2858064516129031
20241008,300718,94.0677966101695,,,-0.08818687337810849,0.749477631279245,3.401634138648518
20241008,605098,88.37209302325581,,-1.0407214896520967,-0.19020847973764354,-0.1474532151406197,-0.06737844744340371
20241008,002975,95.76271186440678,0.6130187574022788,,-0.1434809731752963,-0.09950093574547725,0.08359326263256395
20241008,688011,100.0,,,-0.05348189415041793,-0.16044568245125346,-0.07910863509749289
20241008,002158,61.86440677966102,,-0.5053789083464995,-0.15420343706456097,-0.1523455643288435,-0.09568044588945657
20241008,300302,96.35036496350365,,,-0.05932686822589861,-0.15630347974900183,-0.06674272675413584
20241008,688456,83.78378378378379,,,-0.1676695842450766,-0.11159737417943116,-0.007932166301969579
20241008,603063,86.08247422680412,,,0.23966942148760317,0.27908455181182457,1.0877304513668147
20241008,300201,93.22033898305084,,,-0.0670995670995671,0.09307359307359309,0.1883116883116882
20241008,300897,64.40677966101694,,0.014388070067763839,-0.14462809917355368,-0.04189908255620012,0.07089266658707438
20241008,001316,85.18518518518519,,,-0.05939356048765243,-0.12472647702407003,0.0034385745545482127
20241008,003036,98.87005649717514,,,-0.09498956158663896,0.24843423799582465,0.2807933194154488
20241008,002558,97.33333333333334,,-1.0409338636247347,-0.05477308294209693,-0.06181533646322379,0.09233176838810642
20241008,603040,94.47236180904522,,-0.7172771163953393,-0.053329425708671274,-0.05034442840234721,0.21619796811879732
20241008,002871,77.11864406779661,,-0.33655361650371596,-0.05870236869207002,-0.0556127703398559,0.002059732234809486
20241008,002396,79.71014492753623,,,-0.0681440443213297,-0.001108033240997175,0.10415512465373955
20241008,300099,44.35028248587571,,-1.09627480743217,-0.11946902654867264,-0.1430678466076697,-0.020648967551622488
20241008,688059,83.89830508474576,,,-0.2586921850079744,-0.32057416267942573,-0.002870813397129246
20241008,603083,88.40579710144928,,-0.11176398539666682,0.08916688847484688,0.0369976044716529,0.0026616981634282055
20241008,002591,73.27935222672065,,-1.3242890328291157,-0.052631578947368474,-0.07894736842105265,-0.045112781954887216
20241008,002895,81.37651821862349,,,-0.05328049317481287,0.04359313077939242,0.0576838397181858
20241008,300329,92.85714285714286,,,-0.13978494623655913,-0.1981566820276498,-0.042489664753130096
20241008,688309,100.0,,-0.9857545868772336,-0.08951235804943225,-0.16766867067468272,0.015364061456245803
20241008,688377,63.559322033898304,,,-0.12727272727272732,0.12363636363636377,0.28121212121212147
20241008,301128,98.30508474576271,,1.5816836394557037,-0.1241914618369988,-0.09443725743855103,0.2257438551099613
20241008,000975,36.486486486486484,,,-0.01585565882996187,-0.12520503007107708,0.02624384909786781
20241008,002805,74.22680412371135,,,-0.04249084249084245,-0.1479853479853479,-0.1304029304029305
20241008,002552,90.3954802259887,,2.182697676727107,-0.04909561538630458,0.0035205855265623143,0.15221854462814255
20241008,002283,81.4070351758794,,,-0.08840864440078589,0.043222003929273,0.28290766208251483
20241008,301013,91.80790960451978,,,-0.12380300957592327,-0.2318741450068399,0.09575923392612862
20241008,600227,95.1417004048583,,-0.36823355681098674,0.09223300970873782,0.15533980582524265,0.16990291262135937
20241008,300865,71.75141242937853,-0.39907513368746,,0.45491803278688514,0.1721311475409837,0.13883196721311486
20241008,688345,94.3298969072165,,,-0.052503646086533684,-0.1356344190568789,-0.05104521147301877
20241008,603217,84.21052631578947,-0.46019932360828064,,0.09852216748768483,-0.006157635467980316,0.09975369458128092
