day,code,rps,s1,s2,fwd1,fwd3,fwd6,has_change,cog,stage
20220104,601728,51.51515151515152,,,0.0,0.0,0.0,False,中,L0 无变化
20220104,600050,30.303030303030305,,,0.0,0.0,0.0,False,低,L0 无变化
20220104,2296,39.39393939393939,,1.0402855368632924,0.0,0.0,0.0,True,低,L1 变化萌芽(市场未知)
20220104,688981,79.56989247311827,,0.2798859218826643,0.0,0.0,0.0,True,高,L3 一致预期
20220104,300660,83.80952380952381,,-0.5443592963077726,0.0,0.0,0.0,False,高,L0 无变化
20220104,600033,75.0,,0.6697079574499417,0.0,0.0,0.0,True,高,L3 一致预期
20220104,601169,54.166666666666664,-0.7234138450580533,,0.0,0.0,0.0,False,中,L0 无变化
20220104,603037,75.91240875912408,,,0.0,0.0,0.0,False,高,L0 无变化
20220104,688313,93.93939393939394,-1.4384252516192817,,0.0,0.0,0.0,False,高,L0 无变化
20220104,603881,48.48484848484848,,,0.0,0.0,0.0,False,中,L0 无变化
20220104,300139,89.58333333333334,,-0.2764832417633756,0.0,0.0,0.0,False,高,L0 无变化
20220104,603005,43.54838709677419,,-0.5501153165021031,0.0,0.0,0.0,False,中,L0 无变化
20220104,688378,84.94623655913979,,-0.977377074175181,0.0,0.0,0.0,False,高,L0 无变化
20220104,429,98.07692307692308,,,0.0,0.0,0.0,False,高,L0 无变化
20220104,300738,63.63636363636363,,-0.5747368402218744,0.0,0.0,0.0,False,中,L0 无变化
20220104,688618,54.54545454545454,,0.1362063467901828,0.0,0.0,0.0,True,中,L2 市场发现中
20220104,2818,47.72727272727273,,,0.0,0.0,0.0,False,中,L0 无变化
20220104,601518,82.6923076923077,,1.812324607399413,0.0,0.0,0.0,True,高,L3 一致预期
20220104,600015,45.83333333333333,,,0.0,0.0,0.0,False,中,L0 无变化
20220104,603327,70.43010752688173,,0.0410455126807637,0.0,0.0,0.0,True,高,L3 一致预期
20220104,300394,96.96969696969695,,-1.26453770428513,0.0,0.0,0.0,False,高,L0 无变化
20220104,601811,82.0,,0.1335297352317701,0.0,0.0,0.0,True,高,L3 一致预期
20220104,603095,73.20574162679426,1.8150335028493376,1.5884667781213868,0.0,0.0,0.0,True,高,L3 一致预期
20220104,300580,87.59124087591242,,,0.0,0.0,0.0,False,高,L0 无变化
20220104,601985,82.92682926829268,,,0.0,0.0,0.0,False,高,L0 无变化
20220104,300913,72.72727272727273,,0.2894560343556075,0.0,0.0,0.0,True,高,L3 一致预期
20220104,600901,100.0,,,0.0,0.0,0.0,False,高,L0 无变化
20220104,600012,100.0,,,0.0,0.0,0.0,False,高,L0 无变化
20220104,601229,66.66666666666666,-0.3520429367276327,,0.0,0.0,0.0,False,中,L0 无变化
20220104,2839,25.0,-0.0202557093384351,,0.0,0.0,0.0,False,低,L0 无变化
20220104,600016,29.166666666666668,-1.3852930465948716,,0.0,0.0,0.0,False,低,L0 无变化
20220104,301000,79.56204379562044,,0.5912059016807459,0.0,0.0,0.0,True,高,L3 一致预期
20220104,601928,80.0,,-0.7156076173474603,0.0,0.0,0.0,False,高,L0 无变化
20220104,2195,95.45454545454544,,-1.0036079787707846,0.0,0.0,0.0,False,高,L0 无变化
20220104,2913,68.81720430107528,,-0.395455196285877,0.0,0.0,0.0,False,中,L0 无变化
20220104,688318,86.36363636363636,,-0.7695079976236276,0.0,0.0,0.0,False,高,L0 无变化
20220104,823,60.752688172043015,,0.82280003882971,0.0,0.0,0.0,True,中,L2 市场发现中
20220104,601919,86.53846153846155,,-0.1049729310403723,0.0,0.0,0.0,False,高,L0 无变化
20220104,601339,87.75510204081633,,,0.0,0.0,0.0,False,高,L0 无变化
20220104,600020,67.3076923076923,,,0.0,0.0,0.0,False,中,L0 无变化
20220104,2406,46.71532846715328,,0.0202596147018841,0.0,0.0,0.0,True,中,L2 市场发现中
20220104,603926,69.34306569343066,,-0.0851300343891238,0.0,0.0,0.0,False,中,L0 无变化
20220104,601019,72.0,,-0.4505610875272058,0.0,0.0,0.0,False,高,L0 无变化
20220104,688678,72.04301075268818,-0.7243265062315111,,0.0,0.0,0.0,False,高,L0 无变化
20220104,603637,88.0,,,0.0,0.0,0.0,False,高,L0 无变化
20220104,300893,83.94160583941606,,-0.5067148801197087,0.0,0.0,0.0,False,高,L0 无变化
20220104,688668,81.81818181818183,0.4876747030364191,,0.0,0.0,0.0,True,高,L3 一致预期
20220104,300570,90.9090909090909,,,0.0,0.0,0.0,False,高,L0 无变化
20220104,603685,77.41935483870968,,-1.282058295857135,0.0,0.0,0.0,False,高,L0 无变化
20220104,3816,87.8048780487805,,-0.8732563336022272,0.0,0.0,0.0,False,高,L0 无变化
20220104,300938,80.95238095238095,,0.1447699873387528,0.0,0.0,0.0,True,高,L3 一致预期
20220104,300951,76.88172043010752,,-1.672198788760146,0.0,0.0,0.0,False,高,L0 无变化
20220104,3031,75.75757575757575,,1.587881068737196,0.0,0.0,0.0,True,高,L3 一致预期
20220104,603006,62.04379562043796,,1.3353909125168717,0.0,0.0,0.0,True,中,L2 市场发现中
20220104,605100,85.64593301435407,,,0.0,0.0,0.0,False,高,L0 无变化
20220104,300458,55.91397849462365,,-0.6076837327416856,0.0,0.0,0.0,False,中,L0 无变化
20220104,807,54.166666666666664,,,0.0,0.0,0.0,False,中,L0 无变化
20220104,2039,65.85365853658537,,-0.6458590715614964,0.0,0.0,0.0,False,中,L0 无变化
20220104,600377,84.61538461538461,,,0.0,0.0,0.0,False,高,L0 无变化
20220104,600742,32.846715328467155,,,0.0,0.0,0.0,False,低,L0 无变化
20220104,603599,25.96685082872928,,1.1243663916231952,0.0,0.0,0.0,True,低,L1 变化萌芽(市场未知)
20220104,603239,42.33576642335766,,,0.0,0.0,0.0,False,中,L0 无变化
20220104,300921,45.45454545454545,,0.7702925471346318,0.0,0.0,0.0,True,中,L2 市场发现中
20220104,601336,97.91666666666666,,,0.0,0.0,0.0,False,高,L0 无变化
20220104,601988,91.66666666666666,-0.2741334040279211,,0.0,0.0,0.0,False,高,L0 无变化
20220104,603100,68.89952153110048,,0.2351517242425012,0.0,0.0,0.0,True,中,L2 市场发现中
20220104,603809,61.31386861313869,,,0.0,0.0,0.0,False,中,L0 无变化
20220104,2106,39.247311827956985,,-0.1382723518788467,0.0,0.0,0.0,False,低,L0 无变化
20220104,612,41.66666666666667,,-0.5263931221268361,0.0,0.0,0.0,False,中,L0 无变化
20220104,2379,93.75,,-0.3912780043336551,0.0,0.0,0.0,False,高,L0 无变化
20220104,949,69.06077348066299,,-0.1142652904897708,0.0,0.0,0.0,False,中,L0 无变化
20220104,600603,57.692307692307686,-0.3574595492735365,,0.0,0.0,0.0,False,中,L0 无变化
20220104,2281,78.78787878787878,,-1.1495009624963637,0.0,0.0,0.0,False,高,L0 无变化
20220104,603698,66.02870813397129,,-0.666119081389217,0.0,0.0,0.0,False,中,L0 无变化
20220104,600694,68.18181818181817,,,0.0,0.0,0.0,False,中,L0 无变化
20220104,2792,66.66666666666666,,1.2963415002543983,0.0,0.0,0.0,True,中,L2 市场发现中
20220104,601107,94.23076923076924,,-0.3207600824458649,0.0,0.0,0.0,False,高,L0 无变化
20220104,425,58.85167464114832,,,0.0,0.0,0.0,False,中,L0 无变化
20220104,2670,81.25,,,0.0,0.0,0.0,False,高,L0 无变化
20220104,300547,89.78102189781022,,1.1185662514113852,0.0,0.0,0.0,True,高,L3 一致预期
20220104,300620,87.87878787878788,,-0.7005730156045781,0.0,0.0,0.0,False,高,L0 无变化
20220104,605111,49.46236559139785,1.4346283989527553,1.0034038422146072,0.0,0.0,0.0,True,中,L2 市场发现中
20220104,600919,95.83333333333334,1.981535965083019,,0.0,0.0,0.0,True,高,L3 一致预期
20220104,3025,48.32535885167464,,0.962489212460293,0.0,0.0,0.0,True,中,L2 市场发现中
20220104,601199,86.8421052631579,,-0.4886438466481786,0.0,0.0,0.0,False,高,L0 无变化
20220104,975,77.08333333333334,,,0.0,0.0,0.0,False,高,L0 无变化
20220104,601900,88.0,,-0.8921545465261134,0.0,0.0,0.0,False,高,L0 无变化
20220104,600219,31.25,,-1.1902890624090887,0.0,0.0,0.0,False,低,L0 无变化
20220104,603002,82.25806451612904,,1.745827712638565,0.0,0.0,0.0,True,高,L3 一致预期
20220104,605259,61.24401913875598,,0.5416910044739031,0.0,0.0,0.0,True,中,L2 市场发现中
20220104,800,10.218978102189782,,-0.8128502681633586,0.0,0.0,0.0,False,低,L0 无变化
20220104,2254,27.624309392265197,2.5082771416224863,0.8039741064431295,0.0,0.0,0.0,True,低,L1 变化萌芽(市场未知)
20220104,300294,17.857142857142858,-0.0603942639038782,1.3260317502015435,0.0,0.0,0.0,True,低,L1 变化萌芽(市场未知)
20220104,600888,35.41666666666667,,,0.0,0.0,0.0,False,低,L0 无变化
20220104,300303,46.236559139784944,,,0.0,0.0,0.0,False,中,L0 无变化
20220104,600039,80.0,,,0.0,0.0,0.0,False,高,L0 无变化
20220104,2428,100.0,,-1.3640596711803132,0.0,0.0,0.0,False,高,L0 无变化
20220104,300689,69.6969696969697,,,0.0,0.0,0.0,False,中,L0 无变化
20220104,2722,43.0622009569378,,-1.357419126623477,0.0,0.0,0.0,False,中,L0 无变化
20220104,300398,78.49462365591397,,0.4957618530955725,0.0,0.0,0.0,True,高,L3 一致预期
20220401,600050,32.35294117647059,,,0.0,0.0,0.0,False,低,L0 无变化
20220401,2034,64.1025641025641,,-0.6383404669511468,0.0,0.0,0.0,False,中,L0 无变化
20220401,612,44.89795918367347,,-0.5263931221268361,0.0,0.0,0.0,False,中,L0 无变化
20220401,300660,85.45454545454545,,-0.5443592963077726,0.0,0.0,0.0,False,高,L0 无变化
20220401,600219,34.69387755102041,,-1.1902890624090887,0.0,0.0,0.0,False,低,L0 无变化
20220401,2296,41.17647058823529,,1.0402855368632924,0.0,0.0,0.0,True,中,L2 市场发现中
20220401,603599,18.556701030927837,,1.1294635228874792,0.0,0.0,0.0,True,低,L1 变化萌芽(市场未知)
20220401,600888,40.81632653061224,,,0.0,0.0,0.0,False,中,L0 无变化
20220401,300139,91.83673469387756,,-0.2764832417633756,0.0,0.0,0.0,False,高,L0 无变化
20220401,2677,10.416666666666668,,0.8184722315034458,0.0,0.0,0.0,True,低,L1 变化萌芽(市场未知)
20220401,800,17.36111111111111,,-0.8128502681633586,0.0,0.0,0.0,False,低,L0 无变化
20220401,605208,32.6530612244898,,,0.0,0.0,0.0,False,低,L0 无变化
20220401,603095,72.72727272727273,1.8150335028493376,1.5884667781213868,0.0,0.0,0.0,True,高,L3 一致预期
20220401,2039,86.58536585365853,,-0.6458590715614964,0.0,0.0,0.0,False,高,L0 无变化
20220401,949,82.4742268041237,,-0.1050040282148847,0.0,0.0,0.0,False,高,L0 无变化
20220401,2406,63.888888888888886,,0.0202596147018841,0.0,0.0,0.0,True,中,L2 市场发现中
20220401,600742,29.166666666666668,,,0.0,0.0,0.0,False,低,L0 无变化
20220401,425,70.9090909090909,,,0.0,0.0,0.0,False,高,L0 无变化
20220401,603005,29.743589743589745,,-0.5501153165021031,0.0,0.0,0.0,False,低,L0 无变化
20220401,2978,12.244897959183673,-0.3125594263797476,-0.3264219086303392,0.0,0.0,0.0,False,低,L0 无变化
20220401,300677,82.42677824267783,,0.1889717568664202,0.0,0.0,0.0,True,高,L3 一致预期
20220401,2106,42.05128205128205,,-0.1382723518788467,0.0,0.0,0.0,False,中,L0 无变化
20220401,688318,89.36170212765957,,-0.7479301410414694,0.0,0.0,0.0,False,高,L0 无变化
20220401,603926,75.69444444444444,,-0.0851300343891238,0.0,0.0,0.0,False,高,L0 无变化
20220401,690,43.90243902439025,,,0.0,0.0,0.0,False,中,L0 无变化
20220401,605399,11.34020618556701,2.16168334061481,0.63865090534665,0.0,0.0,0.0,True,低,L1 变化萌芽(市场未知)
20220401,600398,74.50980392156863,,0.2795081492857475,0.0,0.0,0.0,True,高,L3 一致预期
20220401,2913,73.33333333333333,,-0.395455196285877,0.0,0.0,0.0,False,高,L0 无变化
20220401,601601,87.75510204081633,,,0.0,0.0,0.0,False,高,L0 无变化
20220401,300215,13.636363636363637,,-0.331551648793386,0.0,0.0,0.0,False,低,L0 无变化
20220401,605368,36.58536585365854,-0.245848085510163,-0.2652227800681449,0.0,0.0,0.0,False,低,L0 无变化
20220401,603809,65.27777777777779,,,0.0,0.0,0.0,False,中,L0 无变化
20220401,600223,29.411764705882355,,-0.3462862853736572,0.0,0.0,0.0,False,低,L0 无变化
20220401,883,40.2439024390244,,1.766267649295986,0.0,0.0,0.0,True,中,L2 市场发现中
20220401,3025,41.36363636363637,,0.962489212460293,0.0,0.0,0.0,True,中,L2 市场发现中
20220401,823,54.35897435897436,,0.82280003882971,0.0,0.0,0.0,True,中,L2 市场发现中
20220401,2833,42.27272727272727,,-0.5479025222365359,0.0,0.0,0.0,False,中,L0 无变化
20220401,300916,37.94871794871795,,0.5958259089919654,0.0,0.0,0.0,True,低,L1 变化萌芽(市场未知)
20220401,960,55.10204081632652,,-0.968793466202299,0.0,0.0,0.0,False,中,L0 无变化
20220401,603565,75.47169811320755,,0.1205629196247927,0.0,0.0,0.0,True,高,L3 一致预期
20220401,600308,36.231884057971016,,-1.0173773673434174,0.0,0.0,0.0,False,低,L0 无变化
20220401,2254,31.443298969072163,2.5082771416224863,0.8101483581053028,0.0,0.0,0.0,True,低,L1 变化萌芽(市场未知)
20220401,601336,97.95918367346938,,,0.0,0.0,0.0,False,高,L0 无变化
20220401,2027,23.52941176470588,,0.4997724394273678,0.0,0.0,0.0,True,低,L1 变化萌芽(市场未知)
20220401,2048,45.83333333333333,,-0.798256008333574,0.0,0.0,0.0,False,中,L0 无变化
20220401,688618,52.94117647058824,,0.1362063467901828,0.0,0.0,0.0,True,中,L2 市场发现中
20220401,601339,90.19607843137256,,,0.0,0.0,0.0,False,高,L0 无变化
20220401,2145,13.917525773195877,0.9577906578598246,-1.3512262880876849,0.0,0.0,0.0,True,低,L1 变化萌芽(市场未知)
20220401,300294,17.154811715481173,-0.0603942639038782,1.3260317502015435,0.0,0.0,0.0,True,低,L1 变化萌芽(市场未知)
20220401,3816,89.02439024390245,,-0.8732563336022272,0.0,0.0,0.0,False,高,L0 无变化
20220401,603386,43.07692307692308,,-0.9459264659958336,0.0,0.0,0.0,False,中,L0 无变化
20220401,605259,57.72727272727273,,0.5416910044739031,0.0,0.0,0.0,True,中,L2 市场发现中
20220401,300856,76.47058823529412,,0.1139546263685267,0.0,0.0,0.0,True,高,L3 一致预期
20220401,651,77.08333333333334,,0.6236391101380241,0.0,0.0,0.0,True,高,L3 一致预期
20220401,688556,33.63636363636363,2.0260299525047305,0.5583240252322704,0.0,0.0,0.0,True,低,L1 变化萌芽(市场未知)
20220701,601728,64.28571428571429,,,0.0,0.0,0.3397618497703185,False,中,L0 无变化
20220701,408,81.53846153846153,,-1.10089268914898,0.0,0.0,0.0519769678809098,False,高,L0 无变化
20220701,600016,40.625,,,0.0,0.0,0.1454186037113096,False,中,L0 无变化
20220701,300308,100.0,1.0869349986264754,,0.0,0.0,3.184738039289922,True,高,L3 一致预期
20220701,601328,78.125,,,0.0,0.0,0.293484859817454,False,高,L0 无变化
20220701,601339,88.52459016393442,,-0.7237130135446104,0.0,0.0,-0.0711218003704426,False,高,L0 无变化
20220701,603118,75.0,,,0.0,0.0,0.1416514867636982,False,高,L0 无变化
20220701,600757,79.41176470588235,,-0.5794416890087208,0.0,0.0,0.3500024857811827,False,高,L0 无变化
20220701,2396,80.35714285714286,,-0.7440983695762015,0.0,0.0,-0.0524848455291391,False,高,L0 无变化
20220701,601169,56.25,,,0.0,0.0,0.1261175888537569,False,中,L0 无变化
20220701,603203,80.86642599277978,,-1.1522254527719529,0.0,0.0,0.0139404795897006,False,高,L0 无变化
20220701,600050,37.5,,,0.0,0.0,0.0046112192150458,False,低,L0 无变化
20220701,600941,60.71428571428571,,,0.0,0.0,0.5341818009284249,False,中,L0 无变化
20220701,601233,81.81818181818183,,1.0399938003126803,0.0,0.0,0.0470588235294118,True,高,L3 一致预期
20220701,601811,72.05882352941177,,-0.7530353385354731,0.0,0.0,0.4072018400663131,False,高,L0 无变化
20220701,601229,84.375,,,0.0,0.0,0.0812894152507022,False,高,L0 无变化
20220701,603926,72.61146496815286,,-0.8022866349098801,0.0,0.0,0.3969179393569342,False,高,L0 无变化
20220701,601019,66.17647058823529,,-0.1268890900689947,0.0,0.0,0.5612077599676155,False,中,L0 无变化
20220701,600598,63.1578947368421,-0.4828825657962377,,0.0,0.0,-0.1027192630532305,False,中,L0 无变化
20220701,2902,71.42857142857143,,,0.0,0.0,0.8251301956863986,False,高,L0 无变化
20220701,2429,91.93548387096774,,-1.1787275589596715,0.0,0.0,0.6223657243452221,False,高,L0 无变化
20220701,603083,92.85714285714286,,-0.9517953516740716,0.0,0.0,2.355871886120996,False,高,L0 无变化
20220701,807,69.23076923076923,,,0.0,0.0,0.1130543963910071,False,中,L0 无变化
20220701,601598,95.0,,-1.5831069839598355,0.0,0.0,0.4371646402166524,False,高,L0 无变化
20220701,2687,85.24590163934425,,-0.2915002065081054,0.0,0.0,0.1312682691551292,False,高,L0 无变化
20220701,960,60.0,,,0.0,0.0,0.0242281869690896,False,中,L0 无变化
20220701,2039,77.52808988764045,,,0.0,0.0,-0.0740997877151716,False,高,L0 无变化
20220701,719,88.23529411764706,,0.3230245952710668,0.0,0.0,0.2563224313227064,True,高,L3 一致预期
20220701,300897,67.14801444043322,,0.250696449292469,0.0,0.0,0.3196202575171118,True,中,L2 市场发现中
20220701,603565,76.66666666666667,,-1.1589298823613283,0.0,0.0,-0.1495549024608112,False,高,L0 无变化
20220701,300695,62.42038216560509,,,0.0,0.0,0.2253586302637666,False,中,L0 无变化
20220701,600894,45.48736462093863,,0.2991552152743848,0.0,0.0,0.1665585166733219,True,中,L2 市场发现中
20220701,2533,84.07643312101911,,-0.4990188180359158,0.0,0.0,0.3952342833354116,False,高,L0 无变化
20220701,603100,74.72924187725631,,-0.6292659005543177,0.0,0.0,-0.0988113552337963,False,高,L0 无变化
20220701,603881,51.78571428571429,,,0.0,0.0,0.1809257119604894,False,中,L0 无变化
20220701,2787,98.7012987012987,,,0.0,0.0,0.5207296849087897,False,高,L0 无变化
20220701,2565,83.11688311688312,,-0.5543916490428397,0.0,0.0,-0.1691176470588234,False,高,L0 无变化
20220701,601101,82.6086956521739,,-0.8234078524425241,0.0,0.0,0.0827057114619407,False,高,L0 无变化
20220701,975,83.07692307692308,,,0.0,0.0,0.3890821903277057,False,高,L0 无变化
20220701,600398,81.9672131147541,,-0.9117938593810064,0.0,0.0,0.4942099029276205,False,高,L0 无变化
20220701,601601,91.66666666666666,,,0.0,0.0,0.0078530076395182,False,高,L0 无变化
20220701,603809,63.69426751592356,,-0.8670619393200065,0.0,0.0,0.1355361960781662,False,中,L0 无变化
20220701,301016,64.62093862815884,,-0.5776425324587514,0.0,0.0,0.131751220759811,False,中,L0 无变化
20220701,603040,95.54140127388536,,-0.706136986686328,0.0,0.0,0.563394907421862,False,高,L0 无变化
20220701,2296,28.57142857142857,,-0.5080356713472014,0.0,0.0,0.0604113110539845,False,低,L0 无变化
20220701,630,64.61538461538461,,,0.0,0.0,0.0695969703821299,False,中,L0 无变化
20220701,600582,39.35018050541516,,,0.0,0.0,0.085780912827198,False,低,L0 无变化
20220701,2014,88.31168831168831,-0.5730403853019905,,0.0,0.0,0.0869177924118782,False,高,L0 无变化
20220701,603013,46.496815286624205,,,0.0,0.0,0.2450128576114707,False,中,L0 无变化
20220701,2833,58.12274368231047,,1.8658728805359732,0.0,0.0,0.5207848460335729,True,中,L2 市场发现中
20220701,581,42.038216560509554,,-0.2446807507736054,0.0,0.0,-0.144565775696935,False,中,L0 无变化
20220701,2440,87.38738738738738,,-1.1552446865676549,0.0,0.0,-0.1281632762442068,False,高,L0 无变化
20220701,601156,40.0,1.2614056191102696,2.338519358269468,0.0,0.0,-0.0063635477349055,True,低,L1 变化萌芽(市场未知)
20220701,600846,77.77777777777779,,,0.0,0.0,0.0546962756295184,False,高,L0 无变化
20220701,2515,91.35802469135804,,-0.2710880643614638,0.0,0.0,0.1775899592803218,False,高,L0 无变化
20220701,688318,89.90825688073394,,-0.1932542768690102,0.0,0.0,0.9902484882850584,False,高,L0 无变化
20220701,2195,91.74311926605505,,2.1576690363983975,0.0,0.0,0.5379332462855375,True,高,L3 一致预期
20220701,338,89.171974522293,,,0.0,0.0,0.3808402423090218,False,高,L0 无变化
20220701,300627,53.57142857142857,,0.5504750868486021,0.0,0.0,0.1265305685980489,True,中,L2 市场发现中
20220701,605100,88.4476534296029,,-0.5900454154616989,0.0,0.0,0.2232488182566603,False,高,L0 无变化
20220701,429,91.66666666666666,,,0.0,0.0,0.1457412933846189,False,高,L0 无变化
20220701,603298,87.36462093862815,,-0.5929494085959732,0.0,0.0,0.5096738988876892,False,高,L0 无变化
20220701,603758,83.43949044585987,,,0.0,0.0,0.6190473682362443,False,高,L0 无变化
20220701,603979,90.76923076923076,,1.1858425258322225,0.0,0.0,0.4802830457303251,True,高,L3 一致预期
20220701,2155,86.15384615384616,,0.901551976785804,0.0,0.0,-0.1334435028771049,True,高,L3 一致预期
20220701,600033,71.66666666666667,,-0.5245994701032597,0.0,0.0,0.1184553310088278,False,高,L0 无变化
20220701,300738,67.85714285714286,,0.2897229861127365,0.0,0.0,0.4460760930594429,True,中,L2 市场发现中
20220701,300302,97.24770642201835,,,0.0,0.0,0.97953216374269,False,高,L0 无变化
20220701,600531,76.92307692307693,,,0.0,0.0,0.1843375852235877,False,高,L0 无变化
20220701,605117,91.71974522292994,,1.6186372986265989,0.0,0.0,-0.539858842394288,True,高,L3 一致预期
20220701,603319,93.63057324840764,,-1.0151026769648868,0.0,0.0,0.1945417539531446,False,高,L0 无变化
20220701,600835,63.898916967509024,,,0.0,0.0,0.0876265369734734,False,中,L0 无变化
20220701,601919,85.0,,-0.1762645453651801,0.0,0.0,0.1215194668066088,False,高,L0 无变化
20220701,300932,70.06369426751591,,-0.1529422575106996,0.0,0.0,0.1446666518926913,False,高,L0 无变化
20220701,603,78.46153846153847,,,0.0,0.0,-0.1202229299363057,False,高,L0 无变化
20220701,601916,34.375,-0.4669369734625991,,0.0,0.0,-0.022823503546153,False,低,L0 无变化
20220701,600710,88.88888888888889,,,0.0,0.0,0.2517462385407776,False,高,L0 无变化
20221010,601233,87.5,,2.4081034509523644,0.0,0.0470588235294118,0.0470588235294118,True,高,L3 一致预期
20221010,600061,49.01960784313725,,,0.0,0.0679938893319376,0.0679938893319376,False,中,L0 无变化
20221010,603037,83.125,,0.1900669175858564,0.0,0.7375895039683154,0.7375895039683154,True,高,L3 一致预期
20221010,600888,43.47826086956522,,-1.124334979620653,0.0,-0.0785374221820093,-0.0785374221820093,False,中,L0 无变化
20221010,600598,60.0,-0.2244846708632253,,0.0,-0.1027192630532305,-0.1027192630532305,False,中,L0 无变化
20221010,600219,53.62318840579711,,-1.2171976392732036,0.0,-0.0891259578065435,-0.0891259578065435,False,中,L0 无变化
20221010,2756,2.898550724637681,,0.35267031614855,0.0,-0.2045510202812969,-0.2045510202812969,True,低,L1 变化萌芽(市场未知)
20221010,2267,61.53846153846154,0.6288759300555448,,0.0,0.0557942704828395,0.0557942704828395,True,中,L2 市场发现中
20221010,601811,73.52941176470588,,-0.9855139611957362,0.0,0.4072018400663131,0.4072018400663131,False,高,L0 无变化
20221010,581,48.125,,0.1666328611100181,0.0,-0.144565775696935,-0.144565775696935,True,中,L2 市场发现中
20221010,2978,20.28985507246377,,-1.119667207671844,0.0,-0.0214981532774436,-0.0214981532774436,False,低,L0 无变化
20221010,605189,62.5,,-0.8441211021878418,0.0,0.0662618451187879,0.0662618451187879,False,中,L0 无变化
20221010,600894,58.21917808219178,,-0.7169103843095131,0.0,0.1665585166733219,0.1665585166733219,False,中,L0 无变化
20221010,600998,74.3859649122807,-0.7090562888792781,,0.0,0.1609605889806038,0.1609605889806038,False,高,L0 无变化
20221010,601677,26.08695652173913,,-0.2696859439408239,0.0,-0.3670478622866234,-0.3670478622866234,False,低,L0 无变化
20221010,960,68.11594202898551,,,0.0,0.0242281869690896,0.0242281869690896,False,中,L0 无变化
20221010,731,32.01754385964912,,-0.0376328657480789,0.0,-0.0473940345573348,-0.0473940345573348,False,低,L0 无变化
20221010,2432,75.43859649122807,,2.821827706087509,0.0,-0.2157565570595401,-0.2157565570595401,True,高,L3 一致预期
20221010,603599,14.035087719298245,,0.9655679173147144,0.0,-0.2833796975805032,-0.2833796975805032,True,低,L1 变化萌芽(市场未知)
20221010,301318,,,-0.4461304242047754,0.0,0.2571959563979868,0.2571959563979868,False,,L0 无变化
20221010,600742,41.25,,,0.0,0.1772993257603436,0.1772993257603436,False,中,L0 无变化
20221010,600757,80.88235294117648,-0.1538075324020929,,0.0,0.3500024857811827,0.3500024857811827,False,高,L0 无变化
20221010,2818,59.57446808510638,,1.948551717306547,0.0,0.1044235041555534,0.1044235041555534,True,中,L2 市场发现中
20221010,603393,71.42857142857143,,-0.7639042085975808,0.0,0.4369968784029994,0.4369968784029994,False,高,L0 无变化
20221010,930,25.0,,,0.0,-0.1456188233966829,-0.1456188233966829,False,低,L0 无变化
20221010,601019,63.23529411764706,,,0.0,0.5612077599676155,0.5612077599676155,False,中,L0 无变化
20221010,603896,8.771929824561402,-0.0653475523458396,0.2718686690389126,0.0,-0.1787835215651541,-0.1787835215651541,True,低,L1 变化萌芽(市场未知)
20221010,603565,82.25806451612904,,-0.9311795060012884,0.0,-0.1495549024608112,-0.1495549024608112,False,高,L0 无变化
20221010,601919,87.09677419354838,,-0.2627647505041783,0.0,0.1215194668066088,0.1215194668066088,False,高,L0 无变化
20221010,300628,12.5,-0.0300397780192684,0.5284676836216299,0.0,-0.2905923113230386,-0.2905923113230386,True,低,L1 变化萌芽(市场未知)
20221010,2106,43.53448275862069,,1.0570459132633971,0.0,0.4189219759498384,0.4189219759498384,True,中,L2 市场发现中
20221010,605500,44.303797468354425,,0.6437522091781874,0.0,0.1241347876354994,0.1241347876354994,True,中,L2 市场发现中
20221010,300789,64.28571428571429,,-0.1341212931069666,0.0,0.6980495657544736,0.6980495657544736,False,中,L0 无变化
20221010,600271,8.928571428571429,,,0.0,0.034127121044392,0.034127121044392,False,低,L0 无变化
20221010,600338,4.3478260869565215,,-0.1566570682139408,0.0,-0.4694589877835952,-0.4694589877835952,False,低,L0 无变化
20221010,300771,27.67857142857143,2.1598579720248297,,0.0,-0.1621397771755024,-0.1621397771755024,True,低,L1 变化萌芽(市场未知)
20221010,600694,68.08510638297872,,,0.0,-0.0432381053829269,-0.0432381053829269,False,中,L0 无变化
20221010,600295,79.3103448275862,,0.1059054520623247,0.0,-0.0354592369069332,-0.0354592369069332,True,高,L3 一致预期
20221010,688169,45.3125,,,0.0,0.6094247359777358,0.6094247359777358,False,中,L0 无变化
20221010,301179,80.48780487804879,,-0.6879158291106922,0.0,0.2360739561803626,0.2360739561803626,False,高,L0 无变化
20221010,300897,70.8904109589041,,-0.0280069100079793,0.0,0.3196202575171118,0.3196202575171118,False,高,L0 无变化
20221010,600123,8.695652173913043,,-1.0863924929943365,0.0,0.1712947357185832,0.1712947357185832,False,低,L0 无变化
20221010,301000,89.375,,0.3928316206528904,0.0,0.4795444889174096,0.4795444889174096,True,高,L3 一致预期
20221010,603086,31.140350877192983,2.1119666627624434,-0.5481086472179459,0.0,-0.3550307539764197,-0.3550307539764197,True,低,L1 变化萌芽(市场未知)
20221010,605377,34.177215189873415,,0.8851928751135817,0.0,-0.2018304526381494,-0.2018304526381494,True,低,L1 变化萌芽(市场未知)
20221010,762,1.4492753623188406,,1.6746044282285737,0.0,-0.2447471703938771,-0.2447471703938771,True,低,L1 变化萌芽(市场未知)
20221010,300580,88.125,,-0.0012816791255271,0.0,1.4644334757325308,1.4644334757325308,False,高,L0 无变化
20221010,2493,37.5,,-1.072908511549789,0.0,-0.1479121350518251,-0.1479121350518251,False,低,L0 无变化
20221010,605368,37.362637362637365,0.4667547762401042,-0.6865181320444588,0.0,0.3161442252028501,0.3161442252028501,True,低,L1 变化萌芽(市场未知)
20221010,300856,36.84210526315789,1.2759640473334577,-0.8629969055518889,0.0,0.2087362241800463,0.2087362241800463,True,低,L1 变化萌芽(市场未知)
20221010,601518,80.64516129032258,,-1.0735626939467513,0.0,0.2282398530513578,0.2282398530513578,False,高,L0 无变化
20221010,601916,31.428571428571427,,,0.0,-0.022823503546153,-0.022823503546153,False,低,L0 无变化
20221010,301061,93.67088607594935,,2.392740302905083,0.0,0.7742553361761417,0.7742553361761417,True,高,L3 一致预期
20221010,651,78.125,-0.3450751136946165,-0.8963501285649013,0.0,0.051082864451766,0.051082864451766,False,高,L0 无变化
20221010,600452,65.93406593406593,,-0.8208470389681133,0.0,0.0579995342864545,0.0579995342864545,False,中,L0 无变化
20221010,2483,21.91780821917808,,0.1731966075620139,0.0,0.0471728885006068,0.0471728885006068,True,低,L1 变化萌芽(市场未知)
20221010,601368,23.636363636363637,,,0.0,0.0287568057804483,0.0287568057804483,False,低,L0 无变化
20221010,2884,26.71232876712329,,,0.0,0.1158185641045417,0.1158185641045417,False,低,L0 无变化
20221010,600373,20.588235294117645,0.4820426397620086,,0.0,0.4393691894929028,0.4393691894929028,True,低,L1 变化萌芽(市场未知)
20221010,2555,44.11764705882353,,,0.0,0.0758673477385403,0.0758673477385403,False,中,L0 无变化
20221010,600874,36.36363636363637,0.1174443477785484,,0.0,-0.0663641644934328,-0.0663641644934328,True,低,L1 变化萌芽(市场未知)
20221010,913,29.375,,,0.0,-0.3159831933763627,-0.3159831933763627,False,低,L0 无变化
20221010,2182,14.492753623188406,,-0.970727687003682,0.0,-0.0636905533508435,-0.0636905533508435,False,低,L0 无变化
20221010,2034,18.181818181818183,,,0.0,-0.1170789473899087,-0.1170789473899087,False,低,L0 无变化
20221010,603013,55.625,,,0.0,0.2450128576114707,0.2450128576114707,False,中,L0 无变化
20221010,2410,0.8928571428571428,,-0.3411912370719084,0.0,-0.5972912082531301,-0.5972912082531301,False,低,L0 无变化
20221010,300231,45.535714285714285,,,0.0,0.446160583362688,0.446160583362688,False,中,L0 无变化
20221010,600618,45.17543859649123,,1.5244020480086933,0.0,-0.0367757251604081,-0.0367757251604081,True,中,L2 市场发现中
20221010,2061,36.206896551724135,,-0.9201114864485967,0.0,-0.0069054182744743,-0.0069054182744743,False,低,L0 无变化
20221010,688767,59.29824561403508,,1.4801676486128763,0.0,-0.2961576287989533,-0.2961576287989533,True,中,L2 市场发现中
20221010,301181,72.5,,0.8405948578832401,0.0,0.0426632438151985,0.0426632438151985,True,高,L3 一致预期
20221010,600528,17.80821917808219,,-0.9089766970560894,0.0,-0.0089160358987611,-0.0089160358987611,False,低,L0 无变化
20221010,300160,14.0625,2.9069025610613957,1.54312859957723,0.0,-0.0463608191204689,-0.0463608191204689,True,低,L1 变化萌芽(市场未知)
20221010,300861,1.0273972602739725,2.009464809020677,0.045576406351421,0.0,-0.3148435593603483,-0.3148435593603483,True,低,L1 变化萌芽(市场未知)
20221010,600662,27.58620689655172,,1.082619583620537,0.0,-0.1794874285220626,-0.1794874285220626,True,低,L1 变化萌芽(市场未知)
20221010,2543,65.625,-0.0384393960450916,,0.0,0.0969817778891166,0.0969817778891166,False,中,L0 无变化
20221010,600582,41.43835616438356,,,0.0,0.085780912827198,0.085780912827198,False,中,L0 无变化
20221010,600426,35.526315789473685,,-0.9854627999471414,0.0,-0.1455510625336428,-0.1455510625336428,False,低,L0 无变化
20230103,408,83.05084745762711,,-0.758527810335677,0.0,0.0,0.0,False,高,L0 无变化
20230103,601038,64.54545454545455,,-0.5242581798228824,0.0,0.0,0.0,False,中,L0 无变化
20230103,617,86.95652173913044,,,0.0,0.0,0.0,False,高,L0 无变化
20230103,600938,100.0,,,0.0,0.0,0.0,False,高,L0 无变化
20230103,600219,55.932203389830505,,-1.0427921768698285,0.0,0.0,0.0,False,中,L0 无变化
20230103,807,79.66101694915254,,-1.0223674827256288,0.0,0.0,0.0,False,高,L0 无变化
20230103,2483,27.727272727272727,,0.8186331254098529,0.0,0.0,0.0,True,低,L1 变化萌芽(市场未知)
20230103,603556,80.83333333333333,,-0.3735060011498413,0.0,0.0,0.0,False,高,L0 无变化
20230103,300488,61.36363636363637,,,0.0,0.0,0.0,False,中,L0 无变化
20230103,300540,81.81818181818183,,,0.0,0.0,0.0,False,高,L0 无变化
20230103,2195,90.0,-0.0855486474998432,2.186735651750245,0.0,0.0,0.0,True,高,L3 一致预期
20230103,600251,84.375,,-0.6732528046350674,0.0,0.0,0.0,False,高,L0 无变化
20230103,603095,58.18181818181818,,,0.0,0.0,0.0,False,中,L0 无变化
20230103,300033,98.33333333333331,-0.3071624363615191,,0.0,0.0,0.0,False,高,L0 无变化
20230103,600598,68.75,0.6910386737426191,,0.0,0.0,0.0,True,中,L2 市场发现中
20230103,601688,91.30434782608695,-0.0556680701041128,,0.0,0.0,0.0,False,高,L0 无变化
20230103,960,76.27118644067797,,,0.0,0.0,0.0,False,高,L0 无变化
20230103,603298,88.18181818181819,-0.4385806465772049,,0.0,0.0,0.0,False,高,L0 无变化
20230103,601985,84.52380952380952,,-0.5083548693806367,0.0,0.0,0.0,False,高,L0 无变化
20230103,2833,63.63636363636363,,-0.2438248732515784,0.0,0.0,0.0,False,中,L0 无变化
20230103,2842,93.22033898305084,,,0.0,0.0,0.0,False,高,L0 无变化
20230103,2558,100.0,,,0.0,0.0,0.0,False,高,L0 无变化
20230103,2871,75.9090909090909,2.390350862058738,,0.0,0.0,0.0,True,高,L3 一致预期
20230103,300308,100.0,,,0.0,0.0,0.0,False,高,L0 无变化
20230103,2757,74.0909090909091,,,0.0,0.0,0.0,False,高,L0 无变化
20230103,601900,80.35714285714286,,1.7394432021581971,0.0,0.0,0.0,True,高,L3 一致预期
20230103,301000,90.47619047619048,,0.0804099242257092,0.0,0.0,0.0,True,高,L3 一致预期
20230103,600295,81.81818181818183,,1.682972987838111,0.0,0.0,0.0,True,高,L3 一致预期
20230103,300895,91.66666666666666,,-0.546672087553365,0.0,0.0,0.0,False,高,L0 无变化
20230103,601881,65.21739130434783,,,0.0,0.0,0.0,False,中,L0 无变化
20230103,300756,90.9090909090909,,,0.0,0.0,0.0,False,高,L0 无变化
20230103,997,66.66666666666666,,,0.0,0.0,0.0,False,中,L0 无变化
20230103,300913,73.07692307692307,1.6882435164381313,,0.0,0.0,0.0,True,高,L3 一致预期
20230103,603,84.7457627118644,,-1.0745283206345726,0.0,0.0,0.0,False,高,L0 无变化
20230103,2177,76.66666666666667,,,0.0,0.0,0.0,False,高,L0 无变化
20230103,2150,86.36363636363636,,-1.1972527896234082,0.0,0.0,0.0,False,高,L0 无变化
20230103,737,77.96610169491525,,0.1662903573292613,0.0,0.0,0.0,True,高,L3 一致预期
20230103,630,71.1864406779661,,,0.0,0.0,0.0,False,高,L0 无变化
20230103,2432,85.48387096774194,,3.0791802815387954,0.0,0.0,0.0,True,高,L3 一致预期
20230103,603809,80.15873015873017,,0.0502178834151029,0.0,0.0,0.0,True,高,L3 一致预期
20230103,603203,77.27272727272727,,-0.1697164987478596,0.0,0.0,0.0,False,高,L0 无变化
20230103,2048,80.95238095238095,,-0.0119099173584247,0.0,0.0,0.0,False,高,L0 无变化
20230103,300515,66.81818181818183,,-0.269905622476727,0.0,0.0,0.0,False,中,L0 无变化
20230103,300823,48.63636363636364,,,0.0,0.0,0.0,False,中,L0 无变化
20230103,2448,86.5079365079365,-0.445683152566141,,0.0,0.0,0.0,False,高,L0 无变化
20230103,600999,76.08695652173914,0.0368036362553309,,0.0,0.0,0.0,True,高,L3 一致预期
20230103,2756,1.694915254237288,,0.5356784307078954,0.0,0.0,0.0,True,低,L1 变化萌芽(市场未知)
20230103,300817,70.45454545454545,,,0.0,0.0,0.0,False,高,L0 无变化
20230103,600030,84.78260869565217,,,0.0,0.0,0.0,False,高,L0 无变化
20230103,2429,96.49122807017544,,,0.0,0.0,0.0,False,高,L0 无变化
20230103,603565,75.47169811320755,,-0.9037720088721228,0.0,0.0,0.0,False,高,L0 无变化
20230103,600114,95.0,,,0.0,0.0,0.0,False,高,L0 无变化
20230103,2014,84.21052631578947,-0.1267476184286768,,0.0,0.0,0.0,False,高,L0 无变化
20230103,600660,78.57142857142857,0.2206852706910422,,0.0,0.0,0.0,True,高,L3 一致预期
20230103,301061,93.42105263157896,,2.819321452818175,0.0,0.0,0.0,True,高,L3 一致预期
20230103,300130,68.33333333333333,1.9841743315102816,-0.5702129259577617,0.0,0.0,0.0,True,中,L2 市场发现中
20230103,2283,82.53968253968253,,-0.7679008453899279,0.0,0.0,0.0,False,高,L0 无变化
20230103,688981,81.9047619047619,,1.4209249149921042,0.0,0.0,0.0,True,高,L3 一致预期
20230103,600483,77.38095238095238,0.1307505116228685,,0.0,0.0,0.0,True,高,L3 一致预期
20230103,601211,63.04347826086957,,,0.0,0.0,0.0,False,中,L0 无变化
20230103,2978,20.33898305084746,,-0.9727683950363788,0.0,0.0,0.0,False,低,L0 无变化
20230103,301075,100.0,,,0.0,0.0,0.0,False,高,L0 无变化
20230103,2986,44.44444444444444,,0.1050030249189463,0.0,0.0,0.0,True,中,L2 市场发现中
20230103,603083,96.15384615384616,,,0.0,0.0,0.0,False,高,L0 无变化
20230103,913,7.142857142857142,0.3751970662436631,-0.2829207807369314,0.0,0.0,0.0,True,低,L1 变化萌芽(市场未知)
20230103,600595,59.32203389830508,,-0.9712613615255868,0.0,0.0,0.0,False,中,L0 无变化
20230103,600398,88.88888888888889,,-0.5954855998795551,0.0,0.0,0.0,False,高,L0 无变化
20230103,603339,42.27272727272727,1.2784152131505206,,0.0,0.0,0.0,True,中,L2 市场发现中
20230103,300921,57.692307692307686,,,0.0,0.0,0.0,False,中,L0 无变化
20230103,601016,25.0,0.5060617423390775,0.971368985656024,0.0,0.0,0.0,True,低,L1 变化萌芽(市场未知)
20230103,2738,18.64406779661017,,1.1341572292571596,0.0,0.0,0.0,True,低,L1 变化萌芽(市场未知)
20230103,600894,50.90909090909091,,-1.23764320694804,0.0,0.0,0.0,False,中,L0 无变化
20230103,600455,43.333333333333336,,,0.0,0.0,0.0,False,中,L0 无变化
20230403,408,86.4406779661017,,-0.758527810335677,0.0,0.0,0.0,False,高,L0 无变化
20230403,601728,45.45454545454545,,,0.0,0.0,0.0,False,中,L0 无变化
20230403,601339,84.78260869565217,,2.343456471477167,0.0,0.0,0.0,True,高,L3 一致预期
20230403,2842,94.91525423728814,,,0.0,0.0,0.0,False,高,L0 无变化
20230403,737,83.05084745762711,,0.1662903573292613,0.0,0.0,0.0,True,高,L3 一致预期
20230403,688668,78.18181818181819,,0.349199673150432,0.0,0.0,0.0,True,高,L3 一致预期
20230403,688205,80.0,,0.383478878183968,0.0,0.0,0.0,True,高,L3 一致预期
20230403,960,76.27118644067797,,,0.0,0.0,0.0,False,高,L0 无变化
20230403,301205,90.9090909090909,,,0.0,0.0,0.0,False,高,L0 无变化
20230403,300570,89.0909090909091,,-0.9014052557892034,0.0,0.0,0.0,False,高,L0 无变化
20230403,807,71.1864406779661,,-1.0223674827256288,0.0,0.0,0.0,False,高,L0 无变化
20230403,300502,98.1818181818182,,-1.0296936992829486,0.0,0.0,0.0,False,高,L0 无变化
20230403,600219,55.932203389830505,,-1.0427921768698285,0.0,0.0,0.0,False,中,L0 无变化
20230403,975,74.57627118644068,,,0.0,0.0,0.0,False,高,L0 无变化
20230403,601328,78.125,,,0.0,0.0,0.0,False,高,L0 无变化
20230403,300540,80.8695652173913,,,0.0,0.0,0.0,False,高,L0 无变化
20230403,603115,96.61016949152544,,,0.0,0.0,0.0,False,高,L0 无变化
20230403,300548,87.27272727272727,,,0.0,0.0,0.0,False,高,L0 无变化
20230403,601319,87.2340425531915,1.3662231289827405,,0.0,0.0,0.0,True,高,L3 一致预期
20230403,688143,76.36363636363637,,,0.0,0.0,0.0,False,高,L0 无变化
20230403,603889,91.30434782608695,,-0.7915092368005117,0.0,0.0,0.0,False,高,L0 无变化
20230403,688182,65.45454545454545,,0.5551540103285942,0.0,0.0,0.0,True,中,L2 市场发现中
20230403,300563,60.0,,,0.0,0.0,0.0,False,中,L0 无变化
20230403,2448,88.9763779527559,-0.445683152566141,,0.0,0.0,0.0,False,高,L0 无变化
20230403,600888,45.76271186440678,,-0.8028717663046132,0.0,0.0,0.0,False,中,L0 无变化
20230403,2270,93.5483870967742,,,0.0,0.0,0.0,False,高,L0 无变化
20230403,2833,73.47826086956522,,-0.2396242835101471,0.0,0.0,0.0,False,高,L0 无变化
20230403,300689,69.0909090909091,,1.3409331607028925,0.0,0.0,0.0,True,中,L2 市场发现中
20230403,601688,91.48936170212764,-0.0556680701041128,,0.0,0.0,0.0,False,高,L0 无变化
20230403,600114,93.04347826086956,,,0.0,0.0,0.0,False,高,L0 无变化
20230403,601169,62.5,,,0.0,0.0,0.0,False,中,L0 无变化
20230403,688159,61.81818181818181,,,0.0,0.0,0.0,False,中,L0 无变化
20230403,600000,59.375,,,0.0,0.0,0.0,False,中,L0 无变化
20230403,301000,89.76377952755905,,0.0895930129502176,0.0,0.0,0.0,True,高,L3 一致预期
20230403,603045,91.52542372881356,,2.001685275385472,0.0,0.0,0.0,True,高,L3 一致预期
20230403,630,67.79661016949152,,,0.0,0.0,0.0,False,中,L0 无变化
20230403,601985,83.52941176470588,,-0.5083548693806367,0.0,0.0,0.0,False,高,L0 无变化
20230403,2871,76.95652173913044,2.390350862058738,,0.0,0.0,0.0,True,高,L3 一致预期
20230403,300488,59.56521739130435,,,0.0,0.0,0.0,False,中,L0 无变化
20230403,601038,52.60869565217391,,-0.5225884265236922,0.0,0.0,0.0,False,中,L0 无变化
20230403,962,100.0,,-0.374825305245721,0.0,0.0,0.0,False,高,L0 无变化
20230403,603979,84.7457627118644,,1.846768633119783,0.0,0.0,0.0,True,高,L3 一致预期
20230403,600522,56.36363636363636,,,0.0,0.0,0.0,False,中,L0 无变化
20230403,603095,66.95652173913044,,,0.0,0.0,0.0,False,中,L0 无变化
20230403,300836,92.17391304347828,,-0.7158038393886129,0.0,0.0,0.0,False,高,L0 无变化
20230403,301377,100.0,,,0.0,0.0,0.0,False,高,L0 无变化
20230403,2177,75.75757575757575,,,0.0,0.0,0.0,False,高,L0 无变化
20230403,657,98.30508474576273,,,0.0,0.0,0.0,False,高,L0 无变化
20230403,300756,83.47826086956522,,,0.0,0.0,0.0,False,高,L0 无变化
20230403,601229,84.375,,,0.0,0.0,0.0,False,高,L0 无变化
20230403,600595,64.40677966101694,,-0.9712613615255868,0.0,0.0,0.0,False,中,L0 无变化
20230403,603040,96.8503937007874,,-1.1946450098092711,0.0,0.0,0.0,False,高,L0 无变化
20230403,2283,82.67716535433071,,-0.7611078436558054,0.0,0.0,0.0,False,高,L0 无变化
20230403,600050,12.727272727272728,-0.2003685255235172,,0.0,0.0,0.0,False,低,L0 无变化
20230403,600016,37.5,-0.7800850641770078,,0.0,0.0,0.0,False,低,L0 无变化
20230403,603298,80.43478260869566,-0.4385806465772049,,0.0,0.0,0.0,False,高,L0 无变化
20230403,600251,91.17647058823528,,-0.6732528046350674,0.0,0.0,0.0,False,高,L0 无变化
20230403,603556,67.74193548387096,,-0.3876341497069112,0.0,0.0,0.0,False,中,L0 无变化
20230403,600301,89.83050847457628,,1.271534602391975,0.0,0.0,0.0,True,高,L3 一致预期
20230403,603699,97.3913043478261,,,0.0,0.0,0.0,False,高,L0 无变化
20230403,2638,87.71929824561403,,,0.0,0.0,0.0,False,高,L0 无变化
20230403,603803,54.54545454545454,,-0.5454076183828571,0.0,0.0,0.0,False,中,L0 无变化
20230403,2155,77.96610169491525,,-0.958823841906626,0.0,0.0,0.0,False,高,L0 无变化
20230403,601601,76.59574468085107,0.3554589777738603,,0.0,0.0,0.0,True,高,L3 一致预期
20230403,600660,78.74015748031496,0.2206852706910422,,0.0,0.0,0.0,True,高,L3 一致预期
20230403,612,66.10169491525424,,-1.1782930935943496,0.0,0.0,0.0,False,中,L0 无变化
20230403,2017,41.81818181818181,,-0.9526481692062988,0.0,0.0,0.0,False,中,L0 无变化
20230403,601101,100.0,,-0.55121398946973,0.0,0.0,0.0,False,高,L0 无变化
20230403,2483,35.65217391304348,,0.8324221176639484,0.0,0.0,0.0,True,低,L1 变化萌芽(市场未知)
20230403,2517,94.73684210526316,,-0.7532768714516375,0.0,0.0,0.0,False,高,L0 无变化
20230403,605118,89.39393939393939,,-0.043607360161237,0.0,0.0,0.0,False,高,L0 无变化
20230403,603516,100.0,,-0.0585001318043329,0.0,0.0,0.0,False,高,L0 无变化
20230403,688498,100.0,,,0.0,0.0,0.0,False,高,L0 无变化
20230403,300835,93.22033898305084,,-0.7797797690209032,0.0,0.0,0.0,False,高,L0 无变化
20230403,300304,93.7007874015748,,-0.650267493370066,0.0,0.0,0.0,False,高,L0 无变化
20230403,600236,96.47058823529412,,-0.953834614202366,0.0,0.0,0.0,False,高,L0 无变化
20230703,601518,83.07692307692308,,-0.7171258873451208,0.0,0.0,0.1307410967500151,False,高,L0 无变化
20230703,600251,90.0,,,0.0,0.0,-0.1122573152730924,False,高,L0 无变化
20230703,762,4.225352112676056,,0.2633498616285268,0.0,0.0,-0.2443549090112908,True,低,L1 变化萌芽(市场未知)
20230703,600061,23.88059701492537,,,0.0,0.0,0.137800955118502,False,低,L0 无变化
20230703,601601,82.08955223880598,-0.0918389876762631,,0.0,0.0,0.4868201518971335,False,高,L0 无变化
20230703,600941,48.52941176470589,,,0.0,0.0,0.2419534988805711,False,中,L0 无变化
20230703,601319,92.53731343283582,-0.8122782249165797,,0.0,0.0,0.6205994816147193,False,高,L0 无变化
20230703,601169,57.89473684210527,,,0.0,0.0,0.4368933509207646,False,中,L0 无变化
20230703,600483,60.416666666666664,,,0.0,0.0,0.2371538221385849,False,中,L0 无变化
20230703,600566,68.38487972508591,,0.0625223121540179,0.0,0.0,-0.0405980731629777,True,中,L2 市场发现中
20230703,601619,38.54166666666667,1.7380528427449786,-0.054157562586059,0.0,0.0,-0.0265856371576085,True,低,L1 变化萌芽(市场未知)
20230703,408,90.14084507042254,,0.8733089783157442,0.0,0.0,0.1359708039325573,True,高,L3 一致预期
20230703,601728,39.705882352941174,-1.0126803290780435,,0.0,0.0,0.393805414669675,False,低,L0 无变化
20230703,2738,29.577464788732392,,0.4324733607325207,0.0,0.0,-0.0185985521481205,True,低,L1 变化萌芽(市场未知)
20230703,600971,69.56521739130434,,-1.0108957643019476,0.0,0.0,-0.0974461064192123,False,中,L0 无变化
20230703,600598,75.0,,,0.0,0.0,0.2745069665639792,False,高,L0 无变化
20230703,915,47.07903780068728,,,0.0,0.0,0.0490445889667461,False,中,L0 无变化
20230703,2543,37.142857142857146,,,0.0,0.0,0.2155802776453415,False,低,L0 无变化
20230703,601019,65.0,,,0.0,0.0,0.2615899388747653,False,中,L0 无变化
20230703,2772,95.0,,,0.0,0.0,-0.025701503263381,False,高,L0 无变化
20230703,601330,64.51612903225806,,,0.0,0.0,0.0290977071491485,False,中,L0 无变化
20230703,600998,62.88659793814433,,-0.5863638657806532,0.0,0.0,-0.0239401581380891,False,中,L0 无变化
20230703,2756,12.676056338028168,,1.73796896373986,0.0,0.0,-0.2351221357040516,True,低,L1 变化萌芽(市场未知)
20230703,300910,19.004524886877828,1.885948094844864,1.9419807265687328,0.0,0.0,0.0643102222828579,True,低,L1 变化萌芽(市场未知)
20230703,603568,50.0,-0.1632801488642747,2.132699387972004,0.0,0.0,0.368076763409541,True,中,L2 市场发现中
20230703,601811,73.75,-0.1493057095895277,,0.0,0.0,0.2256661341937382,False,高,L0 无变化
20230703,591,5.208333333333334,-0.53987244947965,-0.0879375848854987,0.0,0.0,-0.11858129260039,False,低,L0 无变化
20230703,600757,85.0,-0.7334628622589762,,0.0,0.0,0.3486324744501967,False,高,L0 无变化
20230703,601016,30.208333333333332,,-1.3821501439236674,0.0,0.0,0.0843828086063387,False,低,L0 无变化
20230703,600390,37.3134328358209,-0.3886927628581893,,0.0,0.0,0.4237614324237808,False,低,L0 无变化
20230703,2987,71.42857142857143,-0.0429705331467198,,0.0,0.0,0.0831876792653494,False,高,L0 无变化
20230703,719,90.0,,,0.0,0.0,0.2177650027751485,False,高,L0 无变化
20230703,600352,76.01809954751131,,-0.3787897893576821,0.0,0.0,0.2857287914803768,False,高,L0 无变化
20230703,688335,66.12903225806451,,,0.0,0.0,-0.3149165184969985,False,中,L0 无变化
20230703,623,83.16151202749141,0.1122677435289963,-0.388275405512224,0.0,0.0,0.2076143958773548,True,高,L3 一致预期
20230703,603095,66.01941747572816,,,0.0,0.0,0.4072342664955681,False,中,L0 无变化
20230703,600050,14.705882352941178,,-0.7649872761918685,0.0,0.0,0.2470264702743712,False,低,L0 无变化
20230703,300628,16.176470588235293,,0.4349321897603774,0.0,0.0,0.3621122291668663,True,低,L1 变化萌芽(市场未知)
20230703,596,11.235955056179774,-0.462701577639818,1.5519201610693305,0.0,0.0,-0.2408332874464908,True,低,L1 变化萌芽(市场未知)
20230703,2091,58.92857142857143,,1.470073893227828,0.0,0.0,-0.0118259814281935,True,中,L2 市场发现中
20230703,600694,60.71428571428571,,,0.0,0.0,0.8020386260075307,False,中,L0 无变化
20230703,688589,7.8125,,1.6061749225340614,0.0,0.0,-0.167086542040984,True,低,L1 变化萌芽(市场未知)
20230703,2728,53.264604810996566,1.0676022304316897,1.5586342776567643,0.0,0.0,-0.2751192987113672,True,中,L2 市场发现中
20230703,893,85.06787330316742,,0.1170427809673617,0.0,0.0,-0.2317073170731707,True,高,L3 一致预期
20230703,601231,57.03125,,,0.0,0.0,0.111939732886126,False,中,L0 无变化
20230703,2821,79.72508591065292,,-0.3189308623257911,0.0,0.0,-0.3273772582282966,False,高,L0 无变化
20230703,600863,84.375,,,0.0,0.0,0.1573905751466111,False,高,L0 无变化
20230703,601211,80.59701492537313,-0.4788588652744062,,0.0,0.0,0.2997884416217287,False,高,L0 无变化
20230703,603393,56.25,,-0.7510379156368695,0.0,0.0,0.013888119889752,False,中,L0 无变化
20230703,2441,36.312849162011176,,,0.0,0.0,-0.1448352657478081,False,低,L0 无变化
20230703,823,51.953125,,,0.0,0.0,0.0924108575793887,False,中,L0 无变化
20230703,300590,20.588235294117645,,,0.0,0.0,0.3044400723399849,False,低,L0 无变化
20230703,600123,13.043478260869565,,,0.0,0.0,-0.1699832762801635,False,低,L0 无变化
20230703,2034,27.419354838709676,,,0.0,0.0,0.052014298340588,False,低,L0 无变化
20230703,601900,88.75,,-0.8296223837850252,0.0,0.0,0.2150097408146578,False,高,L0 无变化
20230703,603920,76.171875,,-0.5168368170489257,0.0,0.0,0.6483216772203182,False,高,L0 无变化
20231009,408,89.04109589041096,,0.4223660228531887,0.0,0.1359708039325573,0.1359708039325573,True,高,L3 一致预期
20231009,600251,83.33333333333334,,,0.0,-0.1122573152730924,-0.1122573152730924,False,高,L0 无变化
20231009,600352,77.72727272727272,,-0.91144709013738,0.0,0.2857287914803768,0.2857287914803768,False,高,L0 无变化
20231009,600016,7.894736842105263,,,0.0,0.2109441596844123,0.2109441596844123,False,低,L0 无变化
20231009,601688,93.05555555555556,,,0.0,0.3158188353991213,0.3158188353991213,False,高,L0 无变化
20231009,601336,95.83333333333334,,,0.0,0.6625978486775621,0.6625978486775621,False,高,L0 无变化
20231009,601319,81.94444444444444,,,0.0,0.6205994816147193,0.6205994816147193,False,高,L0 无变化
20231009,2738,30.136986301369863,,1.2668028516355003,0.0,-0.0185985521481205,-0.0185985521481205,True,低,L1 变化萌芽(市场未知)
20231009,603871,95.16129032258064,,,0.0,0.7666162989274736,0.7666162989274736,False,高,L0 无变化
20231009,651,66.66666666666666,,-0.9341478932637388,0.0,0.496271570459152,0.496271570459152,False,中,L0 无变化
20231009,2670,84.72222222222221,,,0.0,0.4045064377682403,0.4045064377682403,False,高,L0 无变化
20231009,2772,78.57142857142857,,,0.0,-0.025701503263381,-0.025701503263381,False,高,L0 无变化
20231009,600598,64.28571428571429,,-0.6520856290995695,0.0,0.2745069665639792,0.2745069665639792,False,中,L0 无变化
20231009,2833,53.75375375375376,0.5230688640879494,0.6513368937990167,0.0,-0.0020726315204865,-0.0020726315204865,True,中,L2 市场发现中
20231009,601601,65.27777777777779,,,0.0,0.4868201518971335,0.4868201518971335,False,中,L0 无变化
20231009,601318,77.77777777777779,,,0.0,0.3760473496208965,0.3760473496208965,False,高,L0 无变化
20231009,300628,65.21739130434783,,-0.3053038422840688,0.0,0.3621122291668663,0.3621122291668663,False,中,L0 无变化
20231009,923,85.71428571428571,-0.3871338950504891,1.9151660576481817,0.0,-0.146014523076898,-0.146014523076898,True,高,L3 一致预期
20231009,603040,89.65517241379311,0.0029721218646982,,0.0,-0.0979080990372599,-0.0979080990372599,True,高,L3 一致预期
20231009,2533,82.10526315789474,,-0.7362389234119293,0.0,0.2946716694947944,0.2946716694947944,False,高,L0 无变化
20231009,600000,50.0,,,0.0,0.611421547653092,0.611421547653092,False,中,L0 无变化
20231009,603568,55.072463768115945,-0.0043187815538303,2.3389523477054133,0.0,0.368076763409541,0.368076763409541,True,中,L2 市场发现中
20231009,601298,88.70967741935483,,-0.8857925545286744,0.0,0.5412698846216728,0.5412698846216728,False,高,L0 无变化
20231009,301004,77.66990291262135,,0.9262090712573346,0.0,1.612181988078707,1.612181988078707,True,高,L3 一致预期
20231009,600030,91.66666666666666,-0.3642447658068196,,0.0,0.479845476371699,0.479845476371699,False,高,L0 无变化
20231009,600219,54.7945205479452,,,0.0,0.4039493400928133,0.4039493400928133,False,中,L0 无变化
20231009,601156,83.87096774193549,,,0.0,0.1682240161199089,0.1682240161199089,False,高,L0 无变化
20231009,600999,88.88888888888889,,,0.0,0.4393601695082145,0.4393601695082145,False,高,L0 无变化
20231009,601229,81.57894736842105,,,0.0,0.6897564282516415,0.6897564282516415,False,高,L0 无变化
20231009,2716,90.41095890410958,0.7071067811865474,,0.0,0.2021276595744681,0.2021276595744681,True,高,L3 一致预期
20231009,719,85.33333333333334,,,0.0,0.2177650027751485,0.2177650027751485,False,高,L0 无变化
20231009,601218,66.84210526315789,,-0.2062494905345123,0.0,-0.1568288906537708,-0.1568288906537708,False,中,L0 无变化
20231009,300897,68.76876876876878,,-0.953873796812092,0.0,0.0873965175621871,0.0873965175621871,False,中,L0 无变化
20231009,601211,79.16666666666666,,,0.0,0.2997884416217287,0.2997884416217287,False,高,L0 无变化
20231009,601038,61.261261261261254,,-0.6948282135875908,0.0,0.0344886397182917,0.0344886397182917,False,中,L0 无变化
20231009,603920,75.27272727272727,,,0.0,0.6483216772203182,0.6483216772203182,False,高,L0 无变化
20231009,2428,98.63013698630137,,-0.650464972331567,0.0,0.53604987701213,0.53604987701213,False,高,L0 无变化
20231009,600531,63.013698630136986,,,0.0,0.0881071332547702,0.0881071332547702,False,中,L0 无变化
20231009,600888,38.35616438356164,,,0.0,-0.0041128602466187,-0.0041128602466187,False,低,L0 无变化
20231009,605117,84.21052631578947,,0.5452028600544191,0.0,0.4655264345399881,0.4655264345399881,True,高,L3 一致预期
20231009,603299,44.54545454545455,,,0.0,0.3666238002329045,0.3666238002329045,False,中,L0 无变化
20231009,600660,85.0574712643678,,-0.5695869147564802,0.0,0.7131810838568875,0.7131810838568875,False,高,L0 无变化
20231009,300234,80.95238095238095,,,0.0,-0.0976575947024028,-0.0976575947024028,False,高,L0 无变化
20231009,603323,34.21052631578947,,,0.0,0.3195192918574203,0.3195192918574203,False,低,L0 无变化
20231009,776,94.44444444444444,,,0.0,0.1700875185269312,0.1700875185269312,False,高,L0 无变化
20231009,601619,44.44444444444444,,1.0276376170327468,0.0,-0.0265856371576085,-0.0265856371576085,True,中,L2 市场发现中
20231009,600551,76.0,,,0.0,0.1712204531309105,0.1712204531309105,False,高,L0 无变化
20231009,605098,93.18181818181816,,-0.5660414630797187,0.0,-0.0245516459232143,-0.0245516459232143,False,高,L0 无变化
20231009,603203,72.07207207207207,,0.0716886817215446,0.0,-0.1819660070567792,-0.1819660070567792,True,高,L3 一致预期
20231009,915,44.94773519163763,,,0.0,0.0490445889667461,0.0490445889667461,False,中,L0 无变化
20231009,807,64.38356164383562,,,0.0,0.1448150711403089,0.1448150711403089,False,中,L0 无变化
20231009,600694,64.51612903225806,,,0.0,0.8020386260075307,0.8020386260075307,False,中,L0 无变化
20231009,301016,78.37837837837837,,,0.0,0.2611316403322035,0.2611316403322035,False,高,L0 无变化
20231009,2565,96.11650485436894,,2.2088506061134363,0.0,-0.0919892741218466,-0.0919892741218466,True,高,L3 一致预期
20231009,630,69.86301369863014,,,0.0,0.0058768071097938,0.0058768071097938,False,中,L0 无变化
20231009,603558,91.8918918918919,,0.8453139479793783,0.0,0.1601096514725204,0.1601096514725204,True,高,L3 一致预期
20231009,2056,67.36842105263158,,-0.0427841756767234,0.0,-0.0160189320564301,-0.0160189320564301,False,中,L0 无变化
20231009,601916,36.84210526315789,,,0.0,0.2242216042616376,0.2242216042616376,False,低,L0 无变化
20231009,878,46.57534246575342,,-0.2438067303750439,0.0,0.145273866575808,0.145273866575808,False,中,L0 无变化
20231009,600941,49.275362318840585,,,0.0,0.2419534988805711,0.2419534988805711,False,中,L0 无变化
20231009,2842,93.15068493150685,,-0.6056635795393807,0.0,-0.2878440366972478,-0.2878440366972478,False,高,L0 无变化
20231009,680,81.98198198198197,,,0.0,0.9962148285092428,0.9962148285092428,False,高,L0 无变化
20231009,603889,64.86486486486487,,,0.0,0.0245181345584704,0.0245181345584704,False,中,L0 无变化
20240102,600015,40.0,-0.359512366173387,,0.0,0.0,0.0,False,低,L0 无变化
20240102,600016,11.428571428571429,,,0.0,0.0,0.0,False,低,L0 无变化
20240102,600251,72.72727272727273,1.3852841151910984,,0.0,0.0,0.0,True,高,L3 一致预期
20240102,300109,56.830601092896174,,-0.0022424441527685,0.0,0.0,0.0,False,中,L0 无变化
20240102,915,55.33596837944664,,,0.0,0.0,0.0,False,中,L0 无变化
20240102,603299,46.44808743169399,,,0.0,0.0,0.0,False,中,L0 无变化
20240102,600967,70.83333333333334,,,0.0,0.0,0.0,False,高,L0 无变化
20240102,601319,78.72340425531915,,,0.0,0.0,0.0,False,高,L0 无变化
20240102,600325,5.555555555555555,-0.5647898239397259,,0.0,0.0,0.0,False,低,L0 无变化
20240102,617,55.319148936170215,,,0.0,0.0,0.0,False,中,L0 无变化
20240102,651,65.15151515151516,-0.2187072397078911,-0.8336474222665008,0.0,0.0,0.0,False,中,L0 无变化
20240102,603871,87.5,,,0.0,0.0,0.0,False,高,L0 无变化
20240102,600352,73.77049180327869,-0.3939073491078392,,0.0,0.0,0.0,False,高,L0 无变化
20240102,2757,58.42696629213483,-0.2535506857279572,,0.0,0.0,0.0,False,中,L0 无变化
20240102,601117,48.64864864864865,,,0.0,0.0,0.0,False,中,L0 无变化
20240102,2662,41.40127388535032,-0.2422135669749256,0.7206135457084077,0.0,0.0,0.0,True,中,L2 市场发现中
20240102,603881,67.27272727272727,,,0.0,0.0,0.0,False,中,L0 无变化
20240102,600694,68.62745098039215,0.4352378405125717,,0.0,0.0,0.0,True,中,L2 市场发现中
20240102,301004,68.53932584269663,,0.3752897785052103,0.0,0.0,0.0,True,中,L2 市场发现中
20240102,600874,46.666666666666664,,-0.1700098128253266,0.0,0.0,0.0,False,中,L0 无变化
20240102,600757,71.42857142857143,,-1.4229700668398408,0.0,0.0,0.0,False,高,L0 无变化
20240102,300795,58.06451612903226,,-0.4769387591383816,0.0,0.0,0.0,False,中,L0 无变化
20240102,601928,53.57142857142857,,,0.0,0.0,0.0,False,中,L0 无变化
20240102,2478,72.72727272727273,,-0.8121476212880562,0.0,0.0,0.0,False,高,L0 无变化
20240102,600486,24.043715846994537,,,0.0,0.0,0.0,False,低,L0 无变化
20240102,601677,30.76923076923077,-0.1453423452081305,,0.0,0.0,0.0,False,低,L0 无变化
20240102,2978,5.769230769230769,-0.1936073591672353,0.6314477108171955,0.0,0.0,0.0,True,低,L1 变化萌芽(市场未知)
20240102,603619,64.70588235294117,,-0.7454967826068796,0.0,0.0,0.0,False,中,L0 无变化
20240102,63,27.27272727272727,,,0.0,0.0,0.0,False,低,L0 无变化
20240102,300695,73.24840764331209,,-0.5912654993996922,0.0,0.0,0.0,False,高,L0 无变化
20240102,601016,47.61904761904761,,,0.0,0.0,0.0,False,中,L0 无变化
20240102,600211,72.72727272727273,,-0.123290003107754,0.0,0.0,0.0,False,高,L0 无变化
20240102,300360,28.666666666666668,0.3246381948886404,-0.8568818036565354,0.0,0.0,0.0,True,低,L1 变化萌芽(市场未知)
20240102,300628,41.81818181818181,-0.3253504122160992,,0.0,0.0,0.0,False,中,L0 无变化
20240102,596,5.405405405405405,0.0649809293872413,-0.1231524482481895,0.0,0.0,0.0,True,低,L1 变化萌芽(市场未知)
20240102,521,31.818181818181817,,,0.0,0.0,0.0,False,低,L0 无变化
20240102,589,11.464968152866245,1.7663670910282991,-1.1855547888007365,0.0,0.0,0.0,True,低,L1 变化萌芽(市场未知)
20240102,601318,72.3404255319149,,,0.0,0.0,0.0,False,高,L0 无变化
20240102,601330,71.11111111111111,,,0.0,0.0,0.0,False,高,L0 无变化
20240102,600720,2.702702702702702,,,0.0,0.0,0.0,False,低,L0 无变化
20240102,605507,69.96047430830039,,-0.7464365798921633,0.0,0.0,0.0,False,中,L0 无变化
20240102,603187,11.235955056179774,,,0.0,0.0,0.0,False,低,L0 无变化
20240102,601199,66.66666666666666,,1.7389056498594602,0.0,0.0,0.0,True,中,L2 市场发现中
20240102,688425,38.20224719101123,,0.0540816656316313,0.0,0.0,0.0,True,低,L1 变化萌芽(市场未知)
20240102,2818,39.21568627450981,0.3092592819684845,,0.0,0.0,0.0,True,低,L1 变化萌芽(市场未知)
20240102,300349,26.96629213483146,,-0.5859114605529454,0.0,0.0,0.0,False,低,L0 无变化
20240102,600835,61.42322097378277,,,0.0,0.0,0.0,False,中,L0 无变化
20240102,601818,20.0,,,0.0,0.0,0.0,False,低,L0 无变化
20240102,603161,66.87898089171973,,0.4612974271892813,0.0,0.0,0.0,True,中,L2 市场发现中
20240102,300073,37.333333333333336,,-0.5039647793599863,0.0,0.0,0.0,False,低,L0 无变化
20240102,2772,78.78787878787878,,,0.0,0.0,0.0,False,高,L0 无变化
20240401,2738,45.28301886792453,,1.8542152472875149,0.0,0.0,0.0,True,中,L2 市场发现中
20240401,600016,8.333333333333332,-0.6323901653876285,,0.0,0.0,0.0,False,低,L0 无变化
20240401,600015,27.77777777777778,-0.3382409951184916,,0.0,0.0,0.0,False,低,L0 无变化
20240401,601619,71.76470588235294,,-0.6884163115342461,0.0,0.0,0.0,False,高,L0 无变化
20240401,601319,93.61702127659576,,,0.0,0.0,0.0,False,高,L0 无变化
20240401,601601,82.97872340425532,,,0.0,0.0,0.0,False,高,L0 无变化
20240401,600967,75.0,,,0.0,0.0,0.0,False,高,L0 无变化
20240401,688639,0.5291005291005291,1.0805681774635023,2.1852779323442406,0.0,0.0,0.0,True,低,L1 变化萌芽(市场未知)
20240401,617,72.3404255319149,,,0.0,0.0,0.0,False,高,L0 无变化
20240401,601518,63.1578947368421,,,0.0,0.0,0.0,False,中,L0 无变化
20240401,63,42.857142857142854,,,0.0,0.0,0.0,False,中,L0 无变化
20240401,600325,5.263157894736842,-0.5647898239397259,,0.0,0.0,0.0,False,低,L0 无变化
20240401,600352,79.36507936507937,-0.4552284397271435,,0.0,0.0,0.0,False,高,L0 无变化
20240401,2034,40.42553191489361,,,0.0,0.0,0.0,False,中,L0 无变化
20240401,600720,2.380952380952381,1.0478879528160605,0.0574585851275362,0.0,0.0,0.0,True,低,L1 变化萌芽(市场未知)
20240401,600971,50.0,,-0.3575467990316262,0.0,0.0,0.0,False,中,L0 无变化
20240401,600598,70.58823529411765,,0.4089494406712581,0.0,0.0,0.0,True,高,L3 一致预期
20240401,651,70.1492537313433,-0.1730018169798381,-0.8031006697210958,0.0,0.0,0.0,False,高,L0 无变化
20240401,603881,67.85714285714286,,,0.0,0.0,0.0,False,中,L0 无变化
20240401,600874,48.93617021276596,,0.9244890668914548,0.0,0.0,0.0,True,中,L2 市场发现中
20240401,603338,48.08362369337979,,-0.4394010598261177,0.0,0.0,0.0,False,中,L0 无变化
20240401,600941,19.642857142857142,,,0.0,0.0,0.0,False,低,L0 无变化
20240401,600566,49.01960784313725,,-0.1700266144083819,0.0,0.0,0.0,False,中,L0 无变化
20240401,600901,85.1063829787234,-0.2838875073797418,,0.0,0.0,0.0,False,高,L0 无变化
20240401,600211,72.15686274509804,,-0.851469519460418,0.0,0.0,0.0,False,高,L0 无变化
20240401,300897,67.59581881533101,,1.5298305237598313,0.0,0.0,0.0,True,中,L2 市场发现中
20240401,600528,28.9198606271777,,-0.4560376847083383,0.0,0.0,0.0,False,低,L0 无变化
20240401,2662,45.06172839506173,,-0.0506698052387812,0.0,0.0,0.0,False,中,L0 无变化
20240401,600486,34.39153439153439,-0.3226299650753411,,0.0,0.0,0.0,False,低,L0 无变化
20240401,300628,55.35714285714286,-0.3267651069478923,,0.0,0.0,0.0,False,中,L0 无变化
20240401,2033,81.81818181818183,,-0.2848772474952536,0.0,0.0,0.0,False,高,L0 无变化
20240401,601163,38.2716049382716,,-0.7701279527443206,0.0,0.0,0.0,False,低,L0 无变化
20240401,601717,55.749128919860624,0.106654617868982,1.6797139643910604,0.0,0.0,0.0,True,中,L2 市场发现中
20240401,2533,72.90322580645162,,,0.0,0.0,0.0,False,高,L0 无变化
20240401,605507,81.56862745098039,,-0.7080224403830923,0.0,0.0,0.0,False,高,L0 无变化
20240401,2757,51.21951219512195,-0.2648437030084042,,0.0,0.0,0.0,False,中,L0 无变化
20240401,521,41.7910447761194,,,0.0,0.0,0.0,False,中,L0 无变化
20240401,600458,66.55052264808361,,,0.0,0.0,0.0,False,中,L0 无变化
20240401,300590,16.071428571428573,,,0.0,0.0,0.0,False,低,L0 无变化
20240401,601318,89.36170212765957,,,0.0,0.0,0.0,False,高,L0 无变化
20240401,600548,40.35087719298245,0.3616314022249934,,0.0,0.0,0.0,True,中,L2 市场发现中
20240401,600230,56.613756613756614,,,0.0,0.0,0.0,False,中,L0 无变化
20240401,2381,18.51851851851852,1.8411329189643353,-0.2692432973632014,0.0,0.0,0.0,True,低,L1 变化萌芽(市场未知)
20240401,301589,,,-0.1170312503533539,0.0,0.0,0.0,False,,L0 无变化
20240401,902,72.4867724867725,,,0.0,0.0,0.0,False,高,L0 无变化
20240401,601117,59.523809523809526,,,0.0,0.0,0.0,False,中,L0 无变化
20240401,603556,30.32258064516129,,-0.646462479181989,0.0,0.0,0.0,False,低,L0 无变化
20240401,603587,56.451612903225815,,,0.0,0.0,0.0,False,中,L0 无变化
20240401,688589,9.917355371900827,,-0.9410768803693682,0.0,0.0,0.0,False,低,L0 无变化
20240401,301419,57.14285714285714,,,0.0,0.0,0.0,False,中,L0 无变化
20240401,688080,10.714285714285714,,-1.0342705619969312,0.0,0.0,0.0,False,低,L0 无变化
20240401,600835,77.00348432055749,,1.485696898425266,0.0,0.0,0.0,True,高,L3 一致预期
20240401,2091,69.23076923076923,-0.4536923606425675,0.2177182564646283,0.0,0.0,0.0,True,中,L2 市场发现中
20240401,300130,38.75,1.5757045861252583,-0.7060052161035058,0.0,0.0,0.0,True,低,L1 变化萌芽(市场未知)
20240401,300695,69.75308641975309,,-0.580328127287098,0.0,0.0,0.0,False,中,L0 无变化
20240401,688618,3.571428571428571,,,0.0,0.0,0.0,False,低,L0 无变化
20240401,2986,17.647058823529413,,,0.0,0.0,0.0,False,低,L0 无变化
20240401,601818,19.444444444444446,,,0.0,0.0,0.0,False,低,L0 无变化
20240401,1332,61.32404181184668,,-0.3290543435721665,0.0,0.0,0.0,False,中,L0 无变化
20240401,3011,57.14285714285714,,-1.1432279022826453,0.0,0.0,0.0,False,中,L0 无变化
20240401,601298,85.96491228070175,,,0.0,0.0,0.0,False,高,L0 无变化
20240401,688100,8.928571428571429,,,0.0,0.0,0.0,False,低,L0 无变化
20240701,612,73.13432835820896,,,0.0,0.0,0.7465830026310762,False,高,L0 无变化
20240701,600531,76.11940298507463,,,0.0,0.0,0.8816414476588954,False,高,L0 无变化
20240701,300620,90.14084507042254,,-0.7291380609513579,0.0,0.0,2.032916621654695,False,高,L0 无变化
20240701,807,68.65671641791045,-0.5618703479594751,,0.0,0.0,1.4900067476453258,False,中,L0 无变化
20240701,600211,65.24822695035462,,0.9315377172616496,0.0,0.0,0.2058548680325829,True,中,L2 市场发现中
20240701,600967,75.0,,,0.0,0.0,0.9841691645939186,False,高,L0 无变化
20240701,688313,100.0,,,0.0,0.0,4.425544872184286,False,高,L0 无变化
20240701,2104,59.154929577464785,,1.8756728339611173,0.0,0.0,2.2158735781731513,True,中,L2 市场发现中
20240701,2842,94.02985074626866,,0.3244019591548604,0.0,0.0,1.328502415458937,True,高,L3 一致预期
20240701,601,91.17647058823528,,,0.0,0.0,0.2128924208912597,False,高,L0 无变化
20240701,300897,64.75644699140402,,1.4301333210662577,0.0,0.0,0.4832677024906862,True,中,L2 市场发现中
20240701,300109,43.22033898305085,,-0.7323281689630995,0.0,0.0,0.0687015116868812,False,中,L0 无变化
20240701,603881,67.6056338028169,,2.0216858328754106,0.0,0.0,0.615673993750883,True,中,L2 市场发现中
20240701,688360,71.91977077363897,,,0.0,0.0,0.6115618144324322,False,高,L0 无变化
20240701,600888,26.86567164179105,,,0.0,0.0,0.2000756619131605,False,低,L0 无变化
20240701,600251,76.0,,,0.0,0.0,0.2955078611599482,False,高,L0 无变化
20240701,2716,88.05970149253731,,,0.0,0.0,1.0412979351032448,False,高,L0 无变化
20240701,2545,92.3728813559322,,-1.000784712820146,0.0,0.0,1.7082266042512764,False,高,L0 无变化
20240701,2396,78.87323943661971,,,0.0,0.0,0.6163531610063564,False,高,L0 无变化
20240701,603118,71.83098591549296,,,0.0,0.0,0.2921348314606742,False,高,L0 无变化
20240701,2987,84.84848484848484,,1.4460673070840615,0.0,0.0,1.1468873522468646,True,高,L3 一致预期
20240701,603011,90.54441260744986,,0.3174241216725629,0.0,0.0,2.461313868613139,True,高,L3 一致预期
20240701,2255,68.55670103092784,,,0.0,0.0,1.2833746792870295,False,中,L0 无变化
20240701,300590,38.028169014084504,0.0203615827084989,,0.0,0.0,-0.1645795292624911,True,低,L1 变化萌芽(市场未知)
20240701,1207,81.35593220338984,2.515251479365908,,0.0,0.0,0.3440000609253877,True,高,L3 一致预期
20240701,2895,88.5593220338983,,,0.0,0.0,0.5867929759704253,False,高,L0 无变化
20240701,300548,97.1830985915493,,2.7144173341418525,0.0,0.0,2.062527438089136,True,高,L3 一致预期
20240701,600784,69.0677966101695,,,0.0,0.0,0.1981019606945453,False,中,L0 无变化
20240701,300700,80.51575931232091,,-0.8579374808814006,0.0,0.0,0.4066059225512528,False,高,L0 无变化
20240701,300457,59.27835051546392,,-0.8538792072487175,0.0,0.0,0.4635197471248076,False,中,L0 无变化
20240701,2192,62.68656716417911,,-0.5238003478721116,0.0,0.0,0.6310533238671516,False,中,L0 无变化
20240701,878,28.35820895522388,,-0.0773352014431413,0.0,0.0,0.7171889926989166,False,低,L0 无变化
20240701,63,36.61971830985916,,,0.0,0.0,-0.0449481619366107,False,低,L0 无变化
20240701,603339,53.00859598853869,,,0.0,0.0,0.035019950860641,False,中,L0 无变化
20240701,601177,66.7621776504298,,-0.7650363681230146,0.0,0.0,1.1023462683586387,False,中,L0 无变化
20240701,688208,90.9090909090909,,-0.4616580862350337,0.0,0.0,0.4307333013474548,False,高,L0 无变化
20240701,603125,77.96610169491525,,0.4752697553833546,0.0,0.0,0.283477226413062,True,高,L3 一致预期
20240701,975,46.26865671641791,0.7811752577840672,,0.0,0.0,0.6124190402962308,True,中,L2 市场发现中
20240701,2498,78.35051546391753,,,0.0,0.0,0.1433640988132989,False,高,L0 无变化
20240701,2272,87.10601719197709,,,0.0,0.0,0.6598984771573606,False,高,L0 无变化
20240701,300959,81.69014084507043,,,0.0,0.0,1.162712794678685,False,高,L0 无变化
20240701,300951,73.0,-1.027145905006312,,0.0,0.0,0.1736164264795712,False,高,L0 无变化
20240701,688678,71.66666666666667,,,0.0,0.0,0.6372534118660353,False,高,L0 无变化
20240701,429,84.05797101449275,,0.6201599415822499,0.0,0.0,-0.1677263142733687,True,高,L3 一致预期
20240701,603986,94.33333333333334,-0.2565357580747711,,0.0,0.0,1.0117393081771615,False,高,L0 无变化
20240701,2025,81.25,,,0.0,0.0,0.0372893799743332,False,高,L0 无变化
20240701,300852,57.666666666666664,,-0.7098099706634697,0.0,0.0,0.4634816650817905,False,中,L0 无变化
20240701,603579,68.75,0.7851196136800755,,0.0,0.0,0.6672765192111954,True,中,L2 市场发现中
20240701,603903,74.6268656716418,,,0.0,0.0,1.2628304821150858,False,高,L0 无变化
20240701,600885,84.02061855670104,-0.4833502865208951,,0.0,0.0,0.3596853722209407,False,高,L0 无变化
20240701,2938,87.0,-0.369013632766872,,0.0,0.0,0.4328234444425649,False,高,L0 无变化
20240701,2091,59.67741935483871,,,0.0,0.0,0.3065070370292047,False,中,L0 无变化
20240701,2478,66.66666666666666,,,0.0,0.0,0.6696656417672835,False,中,L0 无变化
20240701,603217,83.47457627118644,-0.5462568385781945,,0.0,0.0,0.6045151602721386,False,高,L0 无变化
20240701,301419,66.19718309859155,,-0.9891961532772298,0.0,0.0,0.3682227006804675,False,中,L0 无变化
20240701,2818,20.967741935483872,,,0.0,0.0,-0.1949535038997339,False,低,L0 无变化
20240701,603889,61.97183098591549,,1.342027212075787,0.0,0.0,0.1924534424813653,True,中,L2 市场发现中
20240701,737,67.16417910447761,,0.1854039119351924,0.0,0.0,0.991884294586408,True,中,L2 市场发现中
20240701,600595,59.70149253731343,,-0.8016718684806521,0.0,0.0,1.7738515901060072,False,中,L0 无变化
20240701,300938,97.61904761904762,,,0.0,0.0,0.7923765461947272,False,高,L0 无变化
20240701,603920,59.66666666666667,,,0.0,0.0,0.6973056456186391,False,中,L0 无变化
20240701,923,55.55555555555556,,1.655414484777898,0.0,0.0,0.5803634916654006,True,中,L2 市场发现中
20240701,300193,37.249283667621775,0.372550320513755,1.4947997375184925,0.0,0.0,0.028939260446239,True,低,L1 变化萌芽(市场未知)
20241008,2842,98.64864864864865,,-0.7534958941576093,0.0,1.328502415458937,1.328502415458937,False,高,L0 无变化
20241008,300328,91.8918918918919,,,0.0,1.3192934782608696,1.3192934782608696,False,高,L0 无变化
20241008,2167,82.43243243243244,,-0.9078209870539212,0.0,0.6825613079019073,0.6825613079019073,False,高,L0 无变化
20241008,408,86.48648648648648,,-0.8824470668196759,0.0,2.1015776495500935,2.1015776495500935,False,高,L0 无变化
20241008,2545,90.68825910931174,,,0.0,1.7082266042512764,1.7082266042512764,False,高,L0 无变化
20241008,2716,89.1891891891892,,,0.0,1.0412979351032448,1.0412979351032448,False,高,L0 无变化
20241008,600595,75.67567567567568,,-0.8668395741965799,0.0,1.7738515901060072,1.7738515901060072,False,高,L0 无变化
20241008,600988,78.37837837837837,,,0.0,1.0139668227656844,1.0139668227656844,False,高,L0 无变化
20241008,2378,93.24324324324324,,-0.7568166372092625,0.0,1.2102486082490818,1.2102486082490818,False,高,L0 无变化
20241008,2379,87.83783783783784,,,0.0,1.666666666666667,1.666666666666667,False,高,L0 无变化
20241008,300756,85.59322033898306,,-0.8004544861512828,0.0,2.827669663043308,2.827669663043308,False,高,L0 无变化
20241008,960,70.27027027027027,0.050598215248504,,0.0,1.0283207184596193,1.0283207184596193,True,高,L3 一致预期
20241008,2192,74.32432432432432,,-0.0847806496336585,0.0,0.6310533238671516,0.6310533238671516,False,高,L0 无变化
20241008,600301,71.62162162162163,,2.3508720694797396,0.0,1.2551440329218106,1.2551440329218106,True,高,L3 一致预期
20241008,2272,92.65536723163842,,,0.0,0.6598984771573606,0.6598984771573606,False,高,L0 无变化
20241008,603115,100.0,0.1375999220439214,,0.0,0.5114638986872033,0.5114638986872033,True,高,L3 一致预期
20241008,807,56.75675675675676,-0.0344311161257808,,0.0,1.4900067476453258,1.4900067476453258,False,中,L0 无变化
20241008,657,97.2972972972973,,,0.0,2.049173131480405,2.049173131480405,False,高,L0 无变化
20241008,601958,59.45945945945946,,,0.0,0.5978726985405185,0.5978726985405185,False,中,L0 无变化
20241008,962,94.5945945945946,,-0.2888114374073186,0.0,1.4295625288262523,1.4295625288262523,False,高,L0 无变化
20241008,300811,77.02702702702703,,-1.043498033572298,0.0,0.3289001347030644,0.3289001347030644,False,高,L0 无变化
20241008,300191,92.5925925925926,,-0.5429882856599024,0.0,0.4437500000000001,0.4437500000000001,False,高,L0 无变化
20241008,2850,87.11340206185567,,-0.9572659270417582,0.0,0.6449429166495151,0.6449429166495151,False,高,L0 无变化
20241008,300767,85.82995951417004,,-0.5989808478540606,0.0,1.3059866962305988,1.3059866962305988,False,高,L0 无变化
20241008,2353,91.52542372881356,,,0.0,0.9599741744637964,0.9599741744637964,False,高,L0 无变化
20241008,603399,72.97297297297297,,-0.6921754274472249,0.0,0.1544444444444446,0.1544444444444446,False,高,L0 无变化
20241008,2149,79.72972972972973,,,0.0,1.6140038233036802,1.6140038233036802,False,高,L0 无变化
20241008,605376,95.94594594594594,,-0.8671948299465498,0.0,1.268174076429819,1.268174076429819,False,高,L0 无变化
20241008,2931,95.48022598870055,,,0.0,0.9558791618711532,0.9558791618711532,False,高,L0 无变化
20241008,603,85.13513513513513,,,0.0,1.598920025163321,1.598920025163321,False,高,L0 无变化
20241008,688313,100.0,,,0.0,4.425544872184286,4.425544872184286,False,高,L0 无变化
20241008,688125,94.35028248587572,,1.0817663874809134,0.0,2.456616329664705,2.456616329664705,True,高,L3 一致预期
20241008,2824,58.108108108108105,,1.429625445023578,0.0,0.2484857444615595,0.2484857444615595,True,中,L2 市场发现中
20241008,300521,74.85875706214689,,,0.0,0.3935701845218946,0.3935701845218946,False,高,L0 无变化
20241008,300163,98.78542510121456,,2.2986119162631646,0.0,0.7307692307692308,0.7307692307692308,True,高,L3 一致预期
20241008,2730,90.11299435028248,,,0.0,0.1092466261836095,0.1092466261836095,False,高,L0 无变化
20241008,601177,70.33898305084746,,-0.8662086888653524,0.0,1.1023462683586387,1.1023462683586387,False,高,L0 无变化
20241008,605100,93.50282485875708,,,0.0,2.042820189748556,2.042820189748556,False,高,L0 无变化
20241008,688102,90.54054054054052,,-0.4549221968018942,0.0,3.4240809596075055,3.4240809596075055,False,高,L0 无变化
20241008,600967,67.16417910447761,,,0.0,0.9841691645939186,0.9841691645939186,False,中,L0 无变化
20241008,969,64.86486486486487,,,0.0,0.9134972467315629,0.9134972467315629,False,中,L0 无变化
20241008,603757,92.09039548022598,,,0.0,1.2601997330204615,1.2601997330204615,False,高,L0 无变化
20241008,2633,79.94350282485875,,,0.0,0.5302325581395348,0.5302325581395348,False,高,L0 无变化
20241008,603308,90.67796610169492,,,0.0,1.9709425945505683,1.9709425945505683,False,高,L0 无变化
20241008,688485,99.7175141242938,,,0.0,1.070997341124989,1.070997341124989,False,高,L0 无变化
20241008,603023,86.4321608040201,,,0.0,0.8357664233576643,0.8357664233576643,False,高,L0 无变化
20241008,600151,86.5979381443299,,,0.0,1.199248120300752,1.199248120300752,False,高,L0 无变化
20241008,811,97.17514124293784,,,0.0,1.0036735992251329,1.0036735992251329,False,高,L0 无变化
20241008,600562,89.55223880597015,,1.539853337735738,0.0,0.430797120213473,0.430797120213473,True,高,L3 一致预期
20241008,600888,33.78378378378378,,-0.6476203664619036,0.0,0.2000756619131605,0.2000756619131605,False,低,L0 无变化
20241008,601688,90.0,,,0.0,0.373575600137495,0.373575600137495,False,高,L0 无变化
20241008,603955,81.25,,1.0150671724792162,0.0,0.6050560560433125,0.6050560560433125,True,高,L3 一致预期
20241008,2348,97.95918367346938,,,0.0,0.936026936026936,0.936026936026936,False,高,L0 无变化
20241008,2738,55.4054054054054,,-0.3880085421735482,0.0,1.245149337178915,1.245149337178915,False,中,L0 无变化
20241008,301021,96.89265536723164,,-0.2416606271534204,0.0,0.8856508809788821,0.8856508809788821,False,高,L0 无变化
20241008,300277,75.91240875912408,,,0.0,0.1828813069196369,0.1828813069196369,False,高,L0 无变化
20241008,605208,68.91891891891892,2.238242831318394,,0.0,0.7667888403751832,0.7667888403751832,True,中,L2 市场发现中
20241008,1337,67.56756756756756,,,0.0,0.3478780681202136,0.3478780681202136,False,中,L0 无变化
20241008,300697,50.0,,,0.0,0.7507880100678284,0.7507880100678284,False,中,L0 无变化
20241008,2195,87.59124087591242,,0.8290914652209627,0.0,0.7858942065491183,0.7858942065491183,True,高,L3 一致预期
20241008,605060,87.28813559322035,,,0.0,1.1508206673607917,1.1508206673607917,False,高,L0 无变化
20241008,300718,94.0677966101695,,,0.0,1.7958878339960704,1.7958878339960704,False,高,L0 无变化
20241008,605098,88.37209302325581,,-1.0407214896520969,0.0,0.2565898720382518,0.2565898720382518,False,高,L0 无变化
20241008,2975,95.76271186440678,0.6130187574022788,,0.0,1.537920418543886,1.537920418543886,True,高,L3 一致预期
20241008,688011,100.0,,,0.0,3.16710182767624,3.16710182767624,False,高,L0 无变化
20241008,2158,61.86440677966102,,-0.5053789083464995,0.0,0.3963558470786055,0.3963558470786055,False,中,L0 无变化
20241008,300302,96.35036496350364,,,0.0,0.1510152284263959,0.1510152284263959,False,高,L0 无变化
20241008,688456,83.78378378378379,,,0.0,1.3510732015555416,1.3510732015555416,False,高,L0 无变化
20241008,603063,86.08247422680412,,,0.0,0.6635200654106603,0.6635200654106603,False,高,L0 无变化
20241008,300201,93.22033898305084,,,0.0,0.305612956647594,0.305612956647594,False,高,L0 无变化
20241008,300897,64.40677966101694,,0.0143880700677638,0.0,0.4832677024906862,0.4832677024906862,True,中,L2 市场发现中
20241008,1316,85.18518518518519,,,0.0,0.9425032938149568,0.9425032938149568,False,高,L0 无变化
20241008,3036,98.87005649717514,,,0.0,0.2818927917916496,0.2818927917916496,False,高,L0 无变化
20241008,2558,97.33333333333334,,-1.0409338636247347,0.0,2.4574946994845166,2.4574946994845166,False,高,L0 无变化
20241008,603040,94.47236180904522,,-0.7172771163953393,0.0,3.122080289843141,3.122080289843141,False,高,L0 无变化
20241008,2871,77.11864406779661,,-0.3365536165037159,0.0,0.924665506206708,0.924665506206708,False,高,L0 无变化
20241008,2396,79.71014492753623,,,0.0,0.6163531610063564,0.6163531610063564,False,高,L0 无变化
20241008,300099,44.35028248587571,,-1.09627480743217,0.0,0.2990345321048056,0.2990345321048056,False,中,L0 无变化
20241008,688059,83.89830508474576,,,0.0,1.487610802185953,1.487610802185953,False,高,L0 无变化
20241008,603083,88.40579710144928,,-0.1117639853966668,0.0,2.326757865841017,2.326757865841017,False,高,L0 无变化
20241008,2591,73.27935222672065,,-1.3242890328291157,0.0,0.6504065040650404,0.6504065040650404,False,高,L0 无变化
20241008,2895,81.37651821862349,,,0.0,0.5867929759704253,0.5867929759704253,False,高,L0 无变化
20241008,300329,92.85714285714286,,,0.0,2.166769833468709,2.166769833468709,False,高,L0 无变化
20241008,688309,100.0,,-0.9857545868772336,0.0,0.9489870293378562,0.9489870293378562,False,高,L0 无变化
20241008,688377,63.559322033898304,,,0.0,0.9148139589413004,0.9148139589413004,False,中,L0 无变化
20241008,301128,98.30508474576273,,1.5816836394557037,0.0,1.500283103955808,1.500283103955808,True,高,L3 一致预期
20241008,975,36.48648648648648,,,0.0,0.6124190402962308,0.6124190402962308,False,低,L0 无变化
20241008,2805,74.22680412371135,,,0.0,0.4899159663865546,0.4899159663865546,False,高,L0 无变化
20241008,2552,90.3954802259887,,2.182697676727107,0.0,0.2740163266697009,0.2740163266697009,True,高,L3 一致预期
20241008,2283,81.4070351758794,,,0.0,0.2182635768483811,0.2182635768483811,False,高,L0 无变化
20241008,301013,91.80790960451978,,,0.0,1.3906958657605069,1.3906958657605069,False,高,L0 无变化
20241008,600227,95.1417004048583,,-0.3682335568109867,0.0,-0.0165289256198347,-0.0165289256198347,False,高,L0 无变化
20241008,300865,71.75141242937853,-0.39907513368746,,0.0,0.1666666666666667,0.1666666666666667,False,高,L0 无变化
20241008,688345,94.3298969072165,,,0.0,0.7171161254815628,0.7171161254815628,False,高,L0 无变化
20241008,603217,84.21052631578947,-0.4601993236082806,,0.0,0.6045151602721386,0.6045151602721386,False,高,L0 无变化
