,nav
20220104,99700897.3126116
20220105,97333035.02728026
20220106,99201901.11492293
20220107,97673314.75802083
20220110,98801143.512111
20220111,98252300.69831946
20220112,100252485.9200306
20220113,98523602.97957383
20220114,99966640.88946699
20220117,100774444.48154595
20220118,99222238.17761776
20220119,99001386.36400428
20220120,96735857.19014396
20220121,95293815.58596136
20220124,95339881.94371662
20220125,91738899.33152127
20220126,93086719.9182704
20220127,90891389.05834253
20220128,91763783.28654382
20220207,92733970.67122233
20220208,94534694.42386137
20220209,95547894.56100604
20220210,95940421.8105576
20220211,94264554.89288911
20220214,93445224.26168765
20220215,93371892.53367114
20220216,94878144.35320283
20220217,94459736.34164213
20220218,95439369.01790716
20220221,96205475.95593253
20220222,94831785.77349184
20220223,95724644.94956963
20220224,93621965.24355735
20220225,94770974.48873135
20220228,94902169.33188044
20220301,95166255.04315947
20220302,95526024.09682877
20220303,96245870.8271774
20220304,95226088.59446833
20220307,94326273.23580429
20220308,90831440.51376982
20220309,89375261.71732081
20220310,91096345.21573375
20220311,92224560.82183965
20220314,89855098.10567102
20220315,84810728.09802555
20220316,86546047.08067378
20220317,87632340.3014409
20220318,89402410.37288024
20220321,90026438.31940073
20220322,90246165.00007457
20220323,90573567.47962837
20220324,89984810.37775356
20220325,89647375.18613978
20220328,89984832.0631242
20220329,90334746.19817832
20220330,91615419.74201886
20220331,92214070.31430957
20220401,92303286.76564908
20220406,93868171.07064942
20220407,92011248.128687
20220408,92397044.96603674
20220411,90624572.32146499
20220412,91829987.50463432
20220413,90845884.50913207
20220414,92515036.40873425
20220415,91286755.08589931
20220418,91100271.87934496
20220419,92046395.13600984
20220420,90869880.67806494
20220421,88240095.58032866
20220422,88441829.78637622
20220425,82875755.45609348
20220426,80522433.48021711
20220427,82320906.28438525
20220428,80882431.19978502
20220429,83015616.95570168
20220505,84315815.32998274
20220506,82772577.46251506
20220509,83664629.39398186
20220510,84261214.73131551
20220511,84244715.88492718
20220512,84649354.98806112
20220513,85782723.23131382
20220516,86093029.96139887
20220517,85583349.25030191
20220518,85638208.18982278
20220519,85831634.47399083
20220520,87055356.83083583
20220523,87881907.19400634
20220524,84998106.3237335
20220525,86513004.41439
20220526,87071291.62526456
20220527,87336230.54284526
20220530,87664856.24641226
20220531,88111094.50628099
20220601,88159762.22325683
20220602,88556065.84317175
20220606,89783167.82681535
20220607,89202066.68767026
20220608,89284126.61957425
20220609,88687991.88740504
20220610,90218754.60375834
20220613,90258693.81055187
20220614,90585535.19111137
20220615,90230775.0078009
20220616,90218293.5291774
20220617,90609559.85165931
20220620,91010116.81301019
20220621,90439583.75656454
20220622,88974896.5268161
20220623,90361630.61485341
20220624,91283972.11802891
20220627,91821299.09423122
20220628,92410115.33147205
20220629,90931470.60803603
20220630,91897696.68328236
20220701,92065364.05574512
20220704,93004850.40523426
20220705,92659760.53031465
20220706,91237175.59220518
20220707,91865919.91997534
20220708,91481748.13728258
20220711,90888868.45666116
20220712,89409412.83966185
20220713,90036979.57028623
20220714,90800633.26502077
20220715,90169414.45506878
20220718,92334926.01225984
20220719,92927477.97944196
20220720,94041785.22048931
20220721,93253329.76703557
20220722,93094216.97967532
20220725,92322169.8957795
20220726,93314293.28803355
20220727,94684751.81836727
20220728,95550900.28229105
20220729,95208221.65773135
20220801,95423468.46455592
20220802,91545039.00104049
20220803,90372994.02826776
20220804,91218195.82349762
20220805,91491351.64004624
20220808,93578915.95238209
20220809,94505245.53540418
20220810,95450654.07991627
20220811,96036049.91017693
20220812,94867513.7888168
20220815,96271538.94639944
20220816,97827862.25248095
20220817,98340894.79721512
20220818,99240444.75666718
20220819,96908149.92225258
20220822,97234777.26655313
20220823,98192798.22994915
20220824,94180689.7647791
20220825,92950126.79015535
20220826,92349082.05400725
20220829,93257422.00102973
20220830,92334873.38698296
20220831,88362995.2091919
20220901,87642909.85444935
20220902,88877119.39655095
20220905,89357436.44685166
20220906,91124555.99763
20220907,91253674.35520388
20220908,90454071.89241257
20220909,90190917.23971029
20220913,90274990.60459149
20220914,89518973.60681875
20220915,87290347.1223856
20220916,85551892.98726615
20220919,84919022.66492555
20220920,86227676.42131147
20220921,86337711.48153366
20220922,86404889.00556934
20220923,84795860.93797989
20220926,83996273.89052868
20220927,85713229.13329105
20220928,83678335.66933368
20220929,83459294.04025881
20220930,82154777.84162284
20221010,81024566.71696126
20221011,81492945.34824435
20221012,83310532.54257324
20221013,83688996.4685646
20221014,84900138.08851147
20221017,85703221.16424817
20221018,86377878.88603571
20221019,85608286.0055251
20221020,85175239.68847731
20221021,85518496.30337794
20221024,84568171.06659348
20221025,84294311.32769199
20221026,85227907.4246724
20221027,85174147.95308833
20221028,82257682.52834973
20221031,82291629.55787086
20221101,83380192.99307056
20221102,84277273.32544534
20221103,84186830.24136004
20221104,85364212.44970265
20221107,85603493.09422666
20221108,85489462.19318718
20221109,85592356.97132565
20221110,85210500.24001953
20221111,85318543.55461708
20221114,85716220.19244541
20221115,87059951.6485436
20221116,86663883.94899066
20221117,87397447.41863585
20221118,87428372.5364853
20221121,88301346.29252408
20221122,87491460.90528187
20221123,87028096.19437484
20221124,87664683.83183694
20221125,87180041.77353325
20221128,86649745.01402755
20221129,87859793.00344697
20221130,88317703.98828767
20221201,88260118.0469049
20221202,88363370.52932948
20221205,89315764.82265401
20221206,88735202.56065214
20221207,88664824.20941967
20221208,88578701.45789264
20221209,88859196.44035733
20221212,88033184.03141525
20221213,87566903.33321339
20221214,87130193.57108682
20221215,87171355.76020984
20221216,86720779.6001537
20221219,85118306.24067685
20221220,84671296.49550483
20221221,84199765.83329575
20221222,83328166.40034223
20221223,82775013.48196925
20221226,83706380.38116263
20221227,84321256.67807013
20221228,83721747.95737086
20221229,83407338.70282479
20221230,84022403.18051326
20230103,85081474.92805701
20230104,85645816.7650188
20230105,85945112.89537922
20230106,85844948.71999697
20230109,86483706.79249898
20230110,86641190.0283496
20230111,86898522.64196073
20230112,87312205.24358392
20230113,88031825.76446836
20230116,88532469.90560485
20230117,88213234.81015955
20230118,88447886.6493269
20230119,88826432.39955474
20230120,89638413.4762013
20230130,90344275.59230013
20230131,90480801.45526116
20230201,91450711.7321237
20230202,91508628.83144459
20230203,91075713.30252105
20230206,90313242.51029207
20230207,90926407.17788817
20230208,90396742.2834388
20230209,91467106.0356963
20230210,91321089.6048642
20230213,92991809.0025784
20230214,93219259.62683217
20230215,92902311.90667805
20230216,91126724.30590636
20230217,90936195.79814026
20230220,93506982.09449714
20230221,94334777.80249926
20230222,94163706.66845736
20230223,93870764.77680312
20230224,93164676.40810353
20230227,92914633.84092389
20230228,93440070.19873782
20230301,94324021.30677438
20230302,94680675.23271821
20230303,94157106.44619767
20230306,93514664.35602368
20230307,91559304.36401711
20230308,92107894.6666817
20230309,91892270.30016384
20230310,90428526.78119253
20230313,91639732.118917
20230314,90109209.22204243
20230315,90439485.79491761
20230316,89313319.51924138
20230317,90220319.25821036
20230320,89889019.5108788
20230321,91721734.6207974
20230322,92358316.59501015
20230323,93095723.81789345
20230324,93428457.81101842
20230327,92960012.82005998
20230328,92325224.03789136
20230329,92203203.85558859
20230330,92544915.45244555
20230331,94328994.14326108
20230403,95500708.82522608
20230404,96119227.49526705
20230406,96766802.39071551
20230407,97332760.13152637
20230410,96074641.63347895
20230411,96453308.78717521
20230412,97392217.20561197
20230413,95911162.35824092
20230414,96417538.48706737
20230417,97123352.81633134
20230418,97456426.52229123
20230419,97514701.95896626
20230420,99452445.45795298
20230421,96500362.58945149
20230424,96413788.58953992
20230425,95190481.25580895
20230426,94449124.95924532
20230427,93706508.34181602
20230428,96320630.8321917
20230504,96732247.85322389
20230505,95574595.11399809
20230508,96612744.34428804
20230509,94831903.73863561
20230510,94503545.56951864
20230511,94255293.27142301
20230512,93366990.33097245
20230515,93672544.3808809
20230516,92590537.15185072
20230517,92996626.34291317
20230518,94590814.83507605
20230519,94064125.28966025
20230522,94316923.83409858
20230523,92941576.83678843
20230524,92752063.00032195
20230525,92641668.32546367
20230526,94098162.15115425
20230529,95031818.44738382
20230530,96133047.37296803
20230531,96263671.9796513
20230601,96672838.43717457
20230602,96609496.17823865
20230605,97625683.91377647
20230606,96055329.98095568
20230607,96923968.44217888
20230608,96839001.16095307
20230609,97346593.71588868
20230612,97740157.70954828
20230613,97693271.99127823
20230614,97711164.183044
20230615,97868520.1731175
20230616,98151834.14613594
20230619,97736300.78548612
20230620,97173783.7180314
20230621,95747724.01063164
20230626,94078769.72442412
20230627,95826168.4590418
20230628,95810388.46390791
20230629,96833931.89394483
20230630,97410878.73811874
20230703,97563421.84196125
20230704,97454451.7052848
20230705,96700810.9185306
20230706,96575220.52239466
20230707,96736284.24803112
20230710,96792219.526709
20230711,97421307.5308523
20230712,96766960.83720194
20230713,97635068.35576604
20230714,97685835.96480007
20230717,97710083.28326325
20230718,97521381.27772339
20230719,97759641.04093495
20230720,96540610.97464982
20230721,95927056.80751716
20230724,96414116.30783136
20230725,97847549.92639998
20230726,97327120.72050874
20230727,96814475.61545646
20230728,97995670.90917799
20230731,98755191.84726432
20230801,97996457.63005334
20230802,98056783.01218167
20230803,98152403.30276667
20230804,97885878.78613417
20230807,97139257.35565574
20230808,96738511.41245742
20230809,95975771.22185712
20230810,96394072.88540857
20230811,94878494.53259097
20230814,95181184.45352298
20230815,95296675.27376
20230816,94431890.55151108
20230817,95948033.61419223
20230818,94772731.3833529
20230821,93947032.54036745
20230822,94129137.457484
20230823,93110256.78459729
20230824,92873398.0854173
20230825,91458491.60224271
20230828,92425687.61582658
20230829,95587448.7798228
20230830,95715627.15714014
20230831,95309352.01527205
20230901,95513572.77677113
20230904,96481705.74191447
20230905,95880382.984981
20230906,95799586.62989497
20230907,94688790.38831562
20230908,94658075.55936876
20230911,95349740.2008327
20230912,94964961.06924339
20230913,94508463.07236017
20230914,94372159.54355611
20230915,94404613.79971349
20230918,94877804.51352449
20230919,94310647.61134014
20230920,93903529.43867028
20230921,93176213.3205343
20230922,94585641.24286117
20230925,94321737.98303881
20230926,94176285.42508762
20230927,94659301.9126537
20230928,95269472.91162778
20231009,94809803.7958351
20231010,93920091.04377525
20231011,93898791.66473195
20231012,94305321.78529458
20231013,93724260.7448084
20231016,93483396.61106794
20231017,93658884.26271236
20231018,92243399.80982335
20231019,91166255.92801616
20231020,90542035.9818276
20231023,88869265.93634999
20231024,90560686.12625723
20231025,90764573.56565928
20231026,90802194.92746836
20231027,92131089.12259984
20231030,92219773.75371525
20231031,91725755.59545825
20231101,91728945.4286059
20231102,91112731.47104962
20231103,91657493.79958618
20231106,92600953.21896398
20231107,92787191.82754618
20231108,92856716.92393447
20231109,92420477.54400796
20231110,92587763.78889127
20231113,92877146.5664028
20231114,92826393.78208257
20231115,93276577.94196586
20231116,92830973.73824154
20231117,93131385.59638518
20231120,93603269.79860352
20231121,93122424.73479657
20231122,92715049.38830256
20231123,93717569.18438853
20231124,93089883.69537687
20231127,93332504.8871223
20231128,94121535.33557136
20231129,93799422.32936436
20231130,93782668.7075319
20231201,93700763.77262394
20231204,93841047.49667113
20231205,92443106.93390597
20231206,92930482.97924265
20231207,92878037.82962489
20231208,92267276.6517943
20231211,93618210.51179862
20231212,94104679.53206582
20231213,93647093.14424416
20231214,93723208.02440642
20231215,93112805.66546898
20231218,92331935.05931917
20231219,92293985.48081647
20231220,91645132.14066969
20231221,91946731.87427981
20231222,91187791.46212864
20231225,91205225.67147286
20231226,90314161.61573659
20231227,91206534.02669078
20231228,91747366.98944283
20231229,92966674.82123475
20240102,93651945.8055601
20240103,94019566.27484529
20240104,94260400.68970266
20240105,93299471.73628701
20240108,91982870.506667
20240109,92822702.15610413
20240110,92143663.84936514
20240111,93032663.16842431
20240112,92992159.92962743
20240115,93609803.5362436
20240116,93594632.34204118
20240117,92462421.05968975
20240118,91730912.90872703
20240119,90915228.04955882
20240122,86376027.36666894
20240123,87168715.0762427
20240124,88547791.947539
20240125,91256804.9574436
20240126,91481505.70027909
20240129,90182741.2221768
20240130,88124097.83688045
20240131,86122268.9449236
20240201,84809570.55994624
20240202,82916403.95428039
20240205,80453282.06021059
20240206,84184693.94773985
20240207,86203902.81956576
20240208,88679136.22072029
20240219,89771768.98917356
20240220,90182915.92929031
20240221,90577337.51427592
20240222,91456858.98059407
20240223,91750458.63697116
20240226,91638271.11276303
20240227,93018707.64571561
20240228,90609756.58742887
20240229,92938532.42470858
20240301,93349845.13971186
20240304,94222702.24917598
20240305,93875620.1364267
20240306,94179271.79077457
20240307,94112085.15797713
20240308,95325660.9452625
20240311,95903376.51555096
20240312,95504787.05645718
20240313,95162919.1708164
20240314,94950220.99014932
20240315,95673430.44381337
20240318,96697627.8620792
20240319,96131836.6535195
20240320,96344525.09970264
20240321,96042097.96847096
20240322,95005469.99988408
20240325,94519626.59828286
20240326,95049817.59200594
20240327,93815952.30500032
20240328,94774976.37930308
20240329,95789494.0944921
20240401,97259356.62948553
20240402,97509011.65733263
20240403,97906082.63129209
20240408,96771828.43538266
20240409,97382495.22736226
20240410,96470400.5420627
20240411,97313415.60105063
20240412,96998467.70293117
20240415,98256569.67232193
20240416,95828380.24048981
20240417,98708469.74656653
20240418,98792529.98470527
20240419,99079170.62614125
20240422,98522070.94908999
20240423,96982344.98029554
20240424,98120093.80819125
20240425,97745769.33417162
20240426,97986249.15585174
20240429,98893857.20024715
20240430,98481998.9782661
20240506,100381254.1186449
20240507,100452699.1237625
20240508,99688766.8909076
20240509,100906809.55042201
20240510,101073838.56824584
20240513,102097530.76962596
20240514,102768542.82620111
20240515,101622370.83357608
20240516,100810437.77968445
20240517,100908945.52814625
20240520,102254863.83890197
20240521,101820768.41713509
20240522,100998304.50049752
20240523,99342602.79554816
20240524,98987499.64838757
20240527,100514524.70198324
20240528,99400280.09589875
20240529,99465430.0404221
20240530,98733420.6781102
20240531,98719672.91632979
20240603,98208838.81865534
20240604,99234917.41239116
20240605,96888556.03098686
20240606,95759020.29201314
20240607,96414530.21560642
20240611,96192632.63164431
20240612,97096673.10164621
20240613,96520513.63908182
20240614,96845097.72911984
20240617,96386669.84665434
20240618,97389221.91546503
20240619,96499218.51345177
20240620,95246952.19740725
20240621,95517765.53620636
20240624,93337390.41281074
20240625,93784171.92421868
20240626,95238692.44942744
20240627,93497584.18373679
20240628,94468300.11883001
20240701,95770440.63716705
20240702,94323823.31250845
20240703,93265782.0584036
20240704,92409619.79491034
20240705,93152194.36824177
20240708,91633273.03624056
20240709,93525752.99046174
20240710,92496356.33009148
20240711,94007779.36902432
20240712,93319685.48863982
20240715,92658931.73417307
20240716,92093161.01541506
20240717,90218553.97639142
20240718,90600875.8320745
20240719,90196184.36500278
20240722,89974578.53921863
20240723,87790583.44282041
20240724,87117424.51247187
20240725,87031259.29188062
20240726,88160479.9762884
20240729,87797632.69433431
20240730,87567670.51496644
20240731,90402770.0755839
20240801,89758674.14649709
20240802,88852587.07627754
20240805,86725396.54408509
20240806,87302942.02245992
20240807,87406374.11848599
20240808,87535992.97229087
20240809,87130862.55831051
20240812,87605605.73740512
20240813,88251956.01625603
20240814,88047858.24088286
20240815,88831002.2633943
20240816,89002755.25737767
20240819,88790824.20953046
20240820,87546818.53697851
20240821,87079386.87821954
20240822,86395319.08574232
20240823,86331120.91209172
20240826,86188929.37712306
20240827,85555678.72700828
20240828,85743555.29918084
20240829,86232599.13034339
20240830,87168841.68899131
20240902,86272134.1500583
20240903,86895082.70985763
20240904,86397955.53490065
20240905,87076555.64805022
20240906,85753716.7554522
20240909,84945311.66480695
20240910,85156193.53577614
20240911,84545204.20856342
20240912,84102013.15635185
20240913,83354425.62530191
20240918,83249459.9103489
20240919,84539605.53954743
20240920,84087345.46576075
20240923,84202896.07352982
20240924,87085978.85419148
20240925,88025848.7919816
20240926,90772181.68713251
20240927,93894221.53524287
20240930,102652563.05352098
20241008,108633707.7805823
20241009,100038621.42038919
20241010,98829206.17824228
20241011,95862683.57383548
20241014,99353298.2422821
20241015,97786264.24182525
20241016,97437115.2854471
20241017,96929293.85806428
20241018,100387736.23326154
20241021,102270616.07739227
20241022,102667580.68801624
20241023,102450892.74143949
20241024,101977730.44069777
20241025,104355832.17826174
20241028,106708803.68542352
20241029,106036513.49854186
20241030,106386809.80351551
20241031,108026066.72546232
20241101,102457931.23381823
20241104,103943023.408816
20241105,106729160.78277944
20241106,106850277.1045446
20241107,108958040.67539476
20241108,108336453.12502754
20241111,110086268.72687882
20241112,109086362.11174378
20241113,109185234.71570592
20241114,106622435.15386084
20241115,104140975.19593325
20241118,102361170.50353038
20241119,104816988.47086063
20241120,106463362.64288306
20241121,106797365.06860101
20241122,103269020.16002241
20241125,104369830.36048062
20241126,103173280.08059007
20241127,104837090.59835559
20241128,104702539.07840633
20241129,106651454.57809106
20241202,107826214.43328632
20241203,108005056.08050938
20241204,106640589.52792831
20241205,107777475.31500958
20241206,108716286.34934594
20241209,108958389.65721925
20241210,109524253.01857416
20241211,110873961.54168324
20241212,111625238.51581304
20241213,109738589.883065
20241216,108781088.06758323
20241217,105294845.60842289
20241218,106079782.59369117
20241219,106439735.21589033
20241220,107916607.06287874
20241223,104422633.8936035
20241224,106213985.75452779
20241225,104826094.54453003
20241226,107021925.89080665
20241227,107039910.82186587
20241230,106731164.32225405
20241231,103831013.5067898
20250102,101905449.11995684
20250103,98264538.5318188
20250106,97400995.83802499
20250107,99096599.40795237
20250108,99705044.82189022
20250109,100020379.51356064
20250110,98061757.65806726
20250113,97332245.69635923
20250114,101879696.61559477
20250115,101652256.2204943
20250116,101834789.378529
20250117,102610150.90340196
20250120,103629926.81321485
20250121,104398304.76763466
20250122,103370510.05808298
20250123,102725241.72177461
20250124,104168125.72719099
20250127,103505860.16766965
20250205,102768882.74928537
20250206,104809516.90939514
20250207,105425913.65936019
20250210,105812880.40084915
20250211,106400267.09128727
20250212,107368650.9643399
20250213,105041036.36945991
20250214,104876168.37747619
20250217,106005377.74763712
20250218,104374009.47709607
20250219,107142181.61202061
20250220,108013657.45754431
20250221,109521248.94283682
20250224,109182317.84131107
20250225,108399354.21106397
20250226,109678276.21234229
20250227,109566656.6826436
20250228,105626661.10936259
20250303,105296226.08911456
20250304,106356997.26445055
20250305,107850179.95905259
20250306,109431337.22062804
20250307,109575717.43849432
20250310,110215912.68841709
20250311,110287505.41683257
20250312,110976157.46268252
20250313,109313461.13432646
20250314,111449519.62788348
20250317,112203130.62519984
20250318,113539267.58698668
20250319,112819753.24599046
20250320,112304843.63207844
20250321,109423292.6368862
20250324,109276221.13279413
20250325,107735001.50922537
20250326,108781346.27747242
20250327,108558356.52778162
20250328,107543588.2966611
20250331,106691267.65644339
20250401,105983359.23549196
20250402,106772902.9710519
20250403,104468169.64878231
20250407,94261628.87858163
20250408,93446830.31352109
20250409,94596817.07642278
20250410,97157088.76976566
20250411,97728630.66265538
20250414,99389537.78947201
20250415,99172181.89613388
20250416,98156727.7042428
20250417,98373264.28202154
20250418,98425262.1938808
20250421,100251315.47364269
20250422,100276766.58720109
20250423,101571274.00263584
20250424,101614277.97293313
20250425,101772389.98645934
20250428,100692679.62225097
20250429,101475462.6196835
20250430,101994843.6921803
20250506,103743015.6634965
20250507,104841148.38612878
20250508,105089632.56419152
20250509,104225518.25056677
20250512,104611262.65647982
20250513,104456117.84426229
20250514,104503484.22053489
20250515,103794085.01476242
20250516,104115198.46490479
20250519,104562182.745746
20250520,105213249.1649445
20250521,105205627.5094625
20250522,103762189.8468949
20250523,102984405.66442087
20250526,103496954.28978647
20250527,103562620.90923469
20250528,103904517.03869185
20250529,104734625.87813373
20250530,103725234.13464075
20250603,104381487.78794123
20250604,105386433.08879751
20250605,105190551.85083717
20250606,105335026.80119637
20250609,106221055.02781925
20250610,105980129.39111154
20250611,106710549.3139672
20250612,106944456.84042886
20250613,106494638.1825899
20250616,106875454.24022436
20250617,106473921.34527957
20250618,106452834.32278213
20250619,105038688.7804032
20250620,104595865.15006378
20250623,105464631.64383413
20250624,106454565.94920386
20250625,107429795.79747331
20250626,107953855.02493303
20250627,108299725.60369733
20250630,110126235.74396747
20250701,111059770.54803054
20250702,109872313.39162971
20250703,110850602.89260572
20250704,110588503.59954487
20250707,111632801.56246223
20250708,112558525.53121738
20250709,112236764.31460713
20250710,111862445.00559151
20250711,111995345.6089633
20250714,112807444.59196931
20250715,112672904.21667837
20250716,112227877.3719879
20250717,113496920.50558284
20250718,113784042.94475222
20250721,115677635.36962506
20250722,115998162.07773542
20250723,115592941.67281094
20250724,116071903.8811051
20250725,115873193.3844101
20250728,117062410.07418843
20250729,117575390.44997926
20250730,117294714.6570061
20250731,115491766.53202824
20250801,114903468.13053407
20250804,116592082.50174375
20250805,117555738.96890464
20250806,118953023.01107492
20250807,118132914.19301379
20250808,119060072.99452515
20250811,120331975.79574504
20250812,120463156.62394114
20250813,122162307.72259162
20250814,120741493.0017019
20250815,122561588.67635089
20250818,123737631.41243792
20250819,123710826.79184116
20250820,124370589.95440733
20250821,124195327.29531114
20250822,125103006.62784694
20250825,126620114.04041326
20250826,126500402.63762617
20250827,123533582.92704685
20250828,125017881.42743029
20250829,125739421.53058834
20250901,126934414.1713443
20250902,123101099.10545152
20250903,120921859.21546367
20250904,117632235.41005154
20250905,121114762.67353417
20250908,121903593.00827417
20250909,120425886.35315558
20250910,121029164.26235276
20250911,124474409.92471132
20250912,124965520.23612565
20250915,123788425.96343365
20250916,124926412.22389655
20250917,126338562.44754633
20250918,124862431.6590894
20250919,124213219.75855812
20250922,124830297.6880805
20250923,123147935.05062707
20250924,124854836.05284743
20250925,124166868.30358769
20250926,122784495.22112761
20250929,124411627.799145
20250930,124795960.84004492
20251009,125716032.66914304
20251010,123188772.1620018
20251013,121810832.23976222
20251014,118964492.52379178
20251015,121369245.53859629
20251016,120206056.74097152
20251017,115913235.59087516
20251020,116733319.99127765
20251021,118603847.76809123
20251022,117703860.46628243
20251023,117604771.9089741
20251024,119414196.68829021
20251027,120801399.87079966
20251028,119559946.0804257
20251029,122519050.290202
20251030,120316532.0268218
20251031,120576831.10891113
20251103,120632726.27663171
20251104,118811495.46466003
20251105,120481043.50687107
20251106,122276339.89013657
20251107,121401776.93502389
20251110,121148506.07315768
20251111,120677439.16578563
20251112,119394894.03493942
20251113,120877191.20793645
20251114,119134545.84528622
20251117,118636029.35886572
20251118,117361974.725394
20251119,116689862.7103545
20251120,115576076.74022496
20251121,110989834.04722016
20251124,112186597.04735851
20251125,114382556.33324073
20251126,114961413.57756406
20251127,115743836.18159899
20251128,117546226.04940078
20251201,118088311.77845187
20251202,117997259.26897953
20251203,118254680.83326869
20251204,117711890.48023295
20251205,118959879.35365765
20251208,119366763.22114642
20251209,118254521.9229974
20251210,118657388.8612461
20251211,117012603.3239554
20251212,117242530.02258071
20251215,117299569.3685312
20251216,114599576.65703659
20251217,116148848.81823388
20251218,115863102.58005746
20251219,117528213.08435774
20251222,118291389.72899726
20251223,118286474.58888485
20251224,119579299.34631221
20251225,120150693.4092034
20251226,120293566.84806876
20251229,119567271.4687806
20251230,119553728.39939782
20251231,119804742.98068266
