screening_date,code,n_green,n_yellow,n_red,n_unknown,pattern,total_score,fwd_12m_return
20210630,002719,1,0,1,1,1G0Y1R,1.0,-25.91
20210630,002136,2,1,0,0,2G1Y0R,2.5,7.42
20210630,300657,1,1,1,0,1G1Y1R,1.5,-17.58
20210630,002588,2,1,0,0,2G1Y0R,2.5,30.56
20210630,002767,0,1,1,1,0G1Y1R,0.5,-31.97
20210630,600061,2,1,0,0,2G1Y0R,2.5,-23.3
20210630,300384,1,2,0,0,1G2Y0R,2.0,-1.67
20210630,000955,1,1,0,1,1G1Y0R,1.5,-15.98
20210630,600610,1,0,2,0,1G0Y2R,1.0,45.92
20210630,300825,2,1,0,0,2G1Y0R,2.5,-13.48
20210630,300173,2,0,1,0,2G0Y1R,2.0,-9.43
20210630,688135,1,1,0,1,1G1Y0R,1.5,-43.49
20210630,000523,0,2,1,0,0G2Y1R,1.0,12.57
20210630,600536,2,1,0,0,2G1Y0R,2.5,-7.22
20210630,300248,2,1,0,0,2G1Y0R,2.5,0.37
20210630,603233,2,0,0,1,2G0Y0R,2.0,-25.41
20210630,300070,1,1,1,0,1G1Y1R,1.5,-28.28
20210630,300552,0,0,3,0,0G0Y3R,0.0,-7.42
20210630,600706,1,1,1,0,1G1Y1R,1.5,80.48
20210630,000815,2,1,0,0,2G1Y0R,2.5,93.32
20210630,603338,1,1,1,0,1G1Y1R,1.5,-12.62
20210630,000762,1,1,1,0,1G1Y1R,1.5,110.42
20210630,000766,1,1,1,0,1G1Y1R,1.5,2.95
20210630,002065,1,2,0,0,1G2Y0R,2.0,-19.79
20210630,600620,1,0,1,1,1G0Y1R,1.0,56.94
20210630,300826,2,0,1,0,2G0Y1R,2.0,-13.25
20210630,603019,2,1,0,0,2G1Y0R,2.5,5.77
20210630,300683,1,1,1,0,1G1Y1R,1.5,-5.31
20210630,000407,2,1,0,0,2G1Y0R,2.5,-8.37
20210630,300420,1,1,1,0,1G1Y1R,1.5,-33.95
20210630,002219,2,1,0,0,2G1Y0R,2.5,29.18
20210630,600833,1,1,0,1,1G1Y0R,1.5,19.64
20210630,000895,0,2,1,0,0G2Y1R,1.0,-3.93
20210630,600748,0,3,0,0,0G3Y0R,1.5,-16.41
20210630,600248,1,2,0,0,1G2Y0R,2.0,28.5
20210630,600693,2,1,0,0,2G1Y0R,2.5,4.78
20210630,603028,2,1,0,0,2G1Y0R,2.5,-6.38
20210630,000598,2,1,0,0,2G1Y0R,2.5,0.01
20210630,002910,1,2,0,0,1G2Y0R,2.0,1.17
20210630,600868,0,2,1,0,0G2Y1R,1.0,-0.34
20210630,600897,1,1,1,0,1G1Y1R,1.5,-0.49
20210630,688656,2,0,1,0,2G0Y1R,2.0,-46.68
20210630,600410,1,1,1,0,1G1Y1R,1.5,-24.54
20210630,601595,0,1,1,1,0G1Y1R,0.5,-3.86
20210630,600877,1,0,1,1,1G0Y1R,1.0,-29.24
20210630,000591,2,0,1,0,2G0Y1R,2.0,36.43
20210630,603655,3,0,0,0,3G0Y0R,3.0,-7.1
20210630,300629,2,0,1,0,2G0Y1R,2.0,23.45
20210630,603038,1,1,1,0,1G1Y1R,1.5,-32.81
20210630,300603,0,1,2,0,0G1Y2R,0.5,9.55
20210630,300976,1,0,1,1,1G0Y1R,1.0,-43.16
20210630,600180,1,2,0,0,1G2Y0R,2.0,35.11
20210630,002516,2,1,0,0,2G1Y0R,2.5,-2.24
20210630,600505,2,1,0,0,2G1Y0R,2.5,9.36
20210630,000913,2,1,0,0,2G1Y0R,2.5,-1.73
20210630,600063,2,1,0,0,2G1Y0R,2.5,50.16
20210630,603557,1,1,1,0,1G1Y1R,1.5,-31.25
20210630,300972,0,2,0,1,0G2Y0R,1.0,-23.06
20210630,000045,1,2,0,0,1G2Y0R,2.0,-15.48
20210630,600598,2,0,1,0,2G0Y1R,2.0,1.25
20210630,688258,2,1,0,0,2G1Y0R,2.5,-33.5
20210630,300689,0,1,1,1,0G1Y1R,0.5,-34.04
20210630,300081,1,1,1,0,1G1Y1R,1.5,15.43
20210630,300775,2,1,0,0,2G1Y0R,2.5,26.05
20210630,002292,1,1,1,0,1G1Y1R,1.5,-27.62
20210630,002036,1,1,1,0,1G1Y1R,1.5,16.81
20210630,605166,1,2,0,0,1G2Y0R,2.0,39.73
20210930,300369,2,0,1,0,2G0Y1R,2.0,-54.41
20210930,002437,2,1,0,0,2G1Y0R,2.5,-7.36
20210930,002548,1,0,2,0,1G0Y2R,1.0,5.04
20210930,000032,1,1,1,0,1G1Y1R,1.5,-32.86
20210930,688188,3,0,0,0,3G0Y0R,3.0,-39.13
20210930,000882,2,0,1,0,2G0Y1R,2.0,-11.58
20210930,603181,2,1,0,0,2G1Y0R,2.5,21.62
20210930,601615,2,1,0,0,2G1Y0R,2.5,-2.46
20210930,600600,1,2,0,0,1G2Y0R,2.0,33.4
20210930,603328,1,0,2,0,1G0Y2R,1.0,-17.28
20210930,600815,1,2,0,0,1G2Y0R,2.0,-10.0
20210930,601566,1,2,0,0,1G2Y0R,2.0,-51.71
20210930,300167,0,1,2,0,0G1Y2R,0.5,-11.87
20210930,688330,2,1,0,0,2G1Y0R,2.5,-4.97
20210930,002766,0,2,1,0,0G2Y1R,1.0,4.89
20210930,002746,0,2,1,0,0G2Y1R,1.0,11.62
20210930,300521,3,0,0,0,3G0Y0R,3.0,-35.5
20210930,688313,0,2,1,0,0G2Y1R,1.0,-18.01
20210930,603392,3,0,0,0,3G0Y0R,3.0,-25.22
20210930,000758,1,1,1,0,1G1Y1R,1.5,-21.99
20210930,000633,1,2,0,0,1G2Y0R,2.0,30.16
20210930,000078,1,2,0,0,1G2Y0R,2.0,1.57
20210930,002080,2,1,0,0,2G1Y0R,2.5,-42.11
20210930,000550,2,1,0,0,2G1Y0R,2.5,-5.65
20210930,300424,0,3,0,0,0G3Y0R,1.5,-22.56
20210930,000790,1,1,1,0,1G1Y1R,1.5,-11.85
20210930,601778,1,2,0,0,1G2Y0R,2.0,-47.03
20210930,600326,0,2,1,0,0G2Y1R,1.0,-29.03
20210930,300375,0,2,0,1,0G2Y0R,1.0,-14.14
20210930,600397,1,2,0,0,1G2Y0R,2.0,5.87
20210930,300275,1,1,1,0,1G1Y1R,1.5,-12.19
20210930,300484,2,1,0,0,2G1Y0R,2.5,-22.61
20210930,603113,1,1,0,1,1G1Y0R,1.5,-43.29
20210930,603813,1,1,1,0,1G1Y1R,1.5,6.18
20210930,300731,1,0,2,0,1G0Y2R,1.0,-41.76
20210930,300656,2,0,1,0,2G0Y1R,2.0,-6.01
20210930,002669,1,1,1,0,1G1Y1R,1.5,-7.28
20210930,600833,0,2,0,1,0G2Y0R,1.0,10.56
20210930,002457,2,0,1,0,2G0Y1R,2.0,2.91
20210930,002156,2,1,0,0,2G1Y0R,2.5,-20.51
20210930,300164,0,2,1,0,0G2Y1R,1.0,-19.08
20210930,300254,1,2,0,0,1G2Y0R,2.0,-0.32
20210930,300643,2,1,0,0,2G1Y0R,2.5,14.5
20210930,002936,0,2,0,1,0G2Y0R,1.0,-23.82
20210930,300195,3,0,0,0,3G0Y0R,3.0,-20.78
20210930,603115,2,1,0,0,2G1Y0R,2.5,-13.4
20210930,600203,1,2,0,0,1G2Y0R,2.0,-28.66
20210930,300270,0,1,2,0,0G1Y2R,0.5,-17.92
20210930,600988,1,0,1,1,1G0Y1R,1.0,32.12
20210930,002829,2,0,1,0,2G0Y1R,2.0,0.3
20210930,300181,2,0,0,1,2G0Y0R,2.0,8.82
20210930,002778,2,1,0,0,2G1Y0R,2.5,-19.72
20210930,605589,1,1,0,1,1G1Y0R,1.5,-44.15
20210930,002041,2,1,0,0,2G1Y0R,2.5,-7.35
20210930,600329,2,0,1,0,2G0Y1R,2.0,-11.87
20210930,002345,3,0,0,0,3G0Y0R,3.0,-11.57
20210930,603353,0,1,2,0,0G1Y2R,0.5,-25.93
20210930,300005,3,0,0,0,3G0Y0R,3.0,-14.82
20210930,601890,2,0,1,0,2G0Y1R,2.0,-1.32
20210930,002275,2,1,0,0,2G1Y0R,2.5,7.07
20210930,605298,0,2,1,0,0G2Y1R,1.0,-11.82
20210930,301013,1,0,2,0,1G0Y2R,1.0,-42.35
20211231,002191,2,0,1,0,2G0Y1R,2.0,-50.49
20211231,688116,2,1,0,0,2G1Y0R,2.5,-48.31
20211231,601908,2,0,1,0,2G0Y1R,2.0,-27.86
20211231,300793,1,2,0,0,1G2Y0R,2.0,-19.49
20211231,002060,1,2,0,0,1G2Y0R,2.0,25.31
20211231,301126,1,2,0,0,1G2Y0R,2.0,-34.26
20211231,300725,2,1,0,0,2G1Y0R,2.5,-43.31
20211231,300694,0,0,3,0,0G0Y3R,0.0,-11.09
20211231,000895,0,2,1,0,0G2Y1R,1.0,-12.29
20211231,000905,2,1,0,0,2G1Y0R,2.5,-3.4
20211231,300545,1,2,0,0,1G2Y0R,2.0,-31.13
20211231,003022,2,1,0,0,2G1Y0R,2.5,-15.85
20211231,002953,0,1,2,0,0G1Y2R,0.5,9.72
20211231,300920,1,1,1,0,1G1Y1R,1.5,-52.71
20211231,002885,0,1,2,0,0G1Y2R,0.5,14.45
20211231,688100,2,1,0,0,2G1Y0R,2.5,-32.1
20211231,600742,2,1,0,0,2G1Y0R,2.5,-27.77
20211231,603259,3,0,0,0,3G0Y0R,3.0,-31.35
20211231,002917,1,0,2,0,1G0Y2R,1.0,10.98
20211231,600439,1,1,1,0,1G1Y1R,1.5,-10.63
20211231,300705,3,0,0,0,3G0Y0R,3.0,-2.1
20211231,300858,2,0,1,0,2G0Y1R,2.0,-5.09
20211231,603960,0,1,2,0,0G1Y2R,0.5,-51.09
20211231,002692,2,0,1,0,2G0Y1R,2.0,12.35
20211231,600037,0,1,2,0,0G1Y2R,0.5,-5.69
20211231,605001,0,1,2,0,0G1Y2R,0.5,-4.78
20211231,600461,0,3,0,0,0G3Y0R,1.5,-9.08
20211231,300935,1,1,1,0,1G1Y1R,1.5,-34.3
20211231,300673,0,3,0,0,0G3Y0R,1.5,-13.65
20211231,002266,2,0,1,0,2G0Y1R,2.0,-44.11
20211231,601005,1,2,0,0,1G2Y0R,2.0,-24.4
20211231,603916,0,2,1,0,0G2Y1R,1.0,-36.63
20211231,000782,2,1,0,0,2G1Y0R,2.5,-28.97
20211231,300638,2,0,1,0,2G0Y1R,2.0,-50.44
20211231,603181,2,1,0,0,2G1Y0R,2.5,-25.29
20211231,605300,1,1,1,0,1G1Y1R,1.5,-17.19
20211231,002969,2,1,0,0,2G1Y0R,2.5,-26.18
20211231,002683,0,2,1,0,0G2Y1R,1.0,-9.35
20211231,002743,1,2,0,0,1G2Y0R,2.0,-24.39
20211231,603077,3,0,0,0,3G0Y0R,3.0,-10.57
20211231,002963,1,1,1,0,1G1Y1R,1.5,-20.24
20211231,002395,1,2,0,0,1G2Y0R,2.0,-6.17
20211231,000915,2,1,0,0,2G1Y0R,2.5,53.29
20211231,002175,1,2,0,0,1G2Y0R,2.0,46.12
20211231,603727,1,1,1,0,1G1Y1R,1.5,-43.0
20211231,688625,2,0,1,0,2G0Y1R,2.0,-12.14
20211231,603386,2,1,0,0,2G1Y0R,2.5,-29.93
20211231,300065,1,2,0,0,1G2Y0R,2.0,-13.43
20211231,601099,0,2,0,1,0G2Y0R,1.0,-21.65
20211231,002451,1,2,0,0,1G2Y0R,2.0,-19.97
20211231,603568,1,1,1,0,1G1Y1R,1.5,-33.85
20211231,688819,0,2,1,0,0G2Y1R,1.0,-12.68
20211231,300285,3,0,0,0,3G0Y0R,3.0,-34.98
20211231,300913,1,0,2,0,1G0Y2R,1.0,-10.41
20211231,002247,0,1,2,0,0G1Y2R,0.5,-12.28
20211231,002144,1,0,2,0,1G0Y2R,1.0,0.84
20211231,000058,1,0,2,0,1G0Y2R,1.0,17.62
20211231,300041,0,2,1,0,0G2Y1R,1.0,-11.29
20211231,601088,1,1,1,0,1G1Y1R,1.5,32.72
20211231,600877,0,1,2,0,0G1Y2R,0.5,-12.77
20211231,688069,1,0,2,0,1G0Y2R,1.0,-26.13
20211231,688272,1,2,0,0,1G2Y0R,2.0,-58.76
20211231,601880,3,0,0,0,3G0Y0R,3.0,-4.69
20211231,601882,2,1,0,0,2G1Y0R,2.5,8.27
20211231,600033,2,0,1,0,2G0Y1R,2.0,8.39
20211231,688588,1,1,1,0,1G1Y1R,1.5,-30.08
20211231,600869,1,2,0,0,1G2Y0R,2.0,-26.6
20211231,300629,2,0,1,0,2G0Y1R,2.0,16.66
20220331,000903,0,2,1,0,0G2Y1R,1.0,-19.87
20220331,600035,0,1,2,0,0G1Y2R,0.5,8.68
20220331,688076,1,2,0,0,1G2Y0R,2.0,-29.08
20220331,300789,1,1,1,0,1G1Y1R,1.5,13.06
20220331,300057,0,3,0,0,0G3Y0R,1.5,6.12
20220331,300990,1,0,2,0,1G0Y2R,1.0,76.92
20220331,603278,0,3,0,0,0G3Y0R,1.5,-16.11
20220331,300542,1,1,1,0,1G1Y1R,1.5,2.17
20220331,301056,1,1,1,0,1G1Y1R,1.5,-18.86
20220331,600276,1,0,2,0,1G0Y2R,1.0,16.75
20220331,000837,1,2,0,0,1G2Y0R,2.0,35.84
20220331,002219,0,2,1,0,0G2Y1R,1.0,95.85
20220331,688665,2,0,1,0,2G0Y1R,2.0,-29.92
20220331,603888,1,1,1,0,1G1Y1R,1.5,64.74
20220331,600420,0,2,1,0,0G2Y1R,1.0,0.16
20220331,603127,2,0,1,0,2G0Y1R,2.0,-36.12
20220331,300976,0,1,2,0,0G1Y2R,0.5,-14.1
20220331,600152,1,1,1,0,1G1Y1R,1.5,81.33
20220331,301127,0,2,1,0,0G2Y1R,1.0,-27.08
20220331,601890,0,3,0,0,0G3Y0R,1.5,27.59
20220331,300306,2,1,0,0,2G1Y0R,2.5,-27.39
20220331,301028,0,3,0,0,0G3Y0R,1.5,-14.6
20220331,301012,1,2,0,0,1G2Y0R,2.0,-3.87
20220331,600036,0,3,0,0,0G3Y0R,1.5,-23.59
20220331,000665,1,0,2,0,1G0Y2R,1.0,-29.11
20220331,300214,0,1,2,0,0G1Y2R,0.5,-8.63
20220331,603618,1,2,0,0,1G2Y0R,2.0,-3.35
20220331,688181,2,0,1,0,2G0Y1R,2.0,6.98
20220331,300053,0,1,2,0,0G1Y2R,0.5,17.04
20220331,600561,1,0,2,0,1G0Y2R,1.0,-5.93
20220331,002356,0,1,2,0,0G1Y2R,0.5,27.63
20220331,688068,1,0,2,0,1G0Y2R,1.0,-59.21
20220331,002020,0,2,1,0,0G2Y1R,1.0,36.09
20220331,002480,0,2,1,0,0G2Y1R,1.0,-8.3
20220331,601006,0,3,0,0,0G3Y0R,1.5,12.83
20220331,002918,1,1,1,0,1G1Y1R,1.5,3.77
20220331,300592,2,1,0,0,2G1Y0R,2.5,62.24
20220331,600590,2,1,0,0,2G1Y0R,2.5,8.46
20220331,688169,2,1,0,0,2G1Y0R,2.5,-7.42
20220331,003016,2,1,0,0,2G1Y0R,2.5,41.95
20220331,002566,2,1,0,0,2G1Y0R,2.5,-21.74
20220331,002780,2,1,0,0,2G1Y0R,2.5,-4.12
20220331,301089,0,2,1,0,0G2Y1R,1.0,-70.16
20220331,603967,1,1,1,0,1G1Y1R,1.5,4.37
20220331,603051,2,0,0,1,2G0Y0R,2.0,-10.8
20220331,300594,1,1,1,0,1G1Y1R,1.5,28.42
20220331,688063,0,1,2,0,0G1Y2R,0.5,103.76
20220331,002008,1,2,0,0,1G2Y0R,2.0,-19.7
20220331,603596,0,3,0,0,0G3Y0R,1.5,9.75
20220331,002393,1,1,1,0,1G1Y1R,1.5,-2.96
20220331,002243,1,2,0,0,1G2Y0R,2.0,-14.16
20220331,600519,1,2,0,0,1G2Y0R,2.0,8.38
20220331,002687,2,1,0,0,2G1Y0R,2.5,12.87
20220331,002600,0,1,2,0,0G1Y2R,0.5,21.65
20220331,600131,1,1,1,0,1G1Y1R,1.5,34.69
20220331,002272,0,3,0,0,0G3Y0R,1.5,25.29
20220331,688228,0,1,2,0,0G1Y2R,0.5,57.86
20220331,301085,1,2,0,0,1G2Y0R,2.0,7.43
20220331,603779,1,1,1,0,1G1Y1R,1.5,9.98
20220331,605177,0,1,2,0,0G1Y2R,0.5,-4.06
20220331,002517,2,1,0,0,2G1Y0R,2.5,137.92
20220331,300062,1,1,1,0,1G1Y1R,1.5,15.36
20220331,300099,1,2,0,0,1G2Y0R,2.0,-9.54
20220331,688311,0,1,2,0,0G1Y2R,0.5,24.7
20220331,600820,0,3,0,0,0G3Y0R,1.5,12.04
20220331,300740,3,0,0,0,3G0Y0R,3.0,3.65
20220331,002536,0,2,0,1,0G2Y0R,1.0,79.7
20220331,603116,1,2,0,0,1G2Y0R,2.0,-0.88
20220331,300563,1,1,1,0,1G1Y1R,1.5,4.49
20220331,300206,0,1,2,0,0G1Y2R,0.5,15.48
20220630,600482,1,2,0,0,1G2Y0R,2.0,49.95
20220630,300461,0,0,3,0,0G0Y3R,0.0,59.63
20220630,002549,2,1,0,0,2G1Y0R,2.5,-36.46
20220630,002254,2,0,1,0,2G0Y1R,2.0,48.18
20220630,002244,0,2,1,0,0G2Y1R,1.0,4.72
20220630,002625,2,1,0,0,2G1Y0R,2.5,-10.93
20220630,002573,1,1,1,0,1G1Y1R,1.5,-3.66
20220630,600483,0,3,0,0,0G3Y0R,1.5,-16.69
20220630,600251,1,1,1,0,1G1Y1R,1.5,-15.29
20220630,603773,1,1,1,0,1G1Y1R,1.5,97.25
20220630,002148,1,2,0,0,1G2Y0R,2.0,25.24
20220630,603757,1,1,1,0,1G1Y1R,1.5,103.87
20220630,300293,1,2,0,0,1G2Y0R,2.0,14.62
20220630,600539,0,2,1,0,0G2Y1R,1.0,4.21
20220630,605388,1,0,2,0,1G0Y2R,1.0,-25.41
20220630,000685,0,3,0,0,0G3Y0R,1.5,2.49
20220630,002432,3,0,0,0,3G0Y0R,3.0,-37.62
20220630,300235,0,3,0,0,0G3Y0R,1.5,74.66
20220630,603038,0,3,0,0,0G3Y0R,1.5,3.9
20220630,300598,0,3,0,0,0G3Y0R,1.5,11.87
20220630,002292,0,2,1,0,0G2Y1R,1.0,112.79
20220630,688689,2,0,1,0,2G0Y1R,2.0,-19.38
20220630,300568,3,0,0,0,3G0Y0R,3.0,-40.44
20220630,000557,1,1,1,0,1G1Y1R,1.5,9.56
20220630,002941,1,2,0,0,1G2Y0R,2.0,0.53
20220630,600581,0,2,1,0,0G2Y1R,1.0,-27.94
20220630,000333,1,2,0,0,1G2Y0R,2.0,2.46
20220630,688133,1,2,0,0,1G2Y0R,2.0,-51.71
20220630,600722,2,1,0,0,2G1Y0R,2.5,-10.11
20220630,601021,0,1,2,0,0G1Y2R,0.5,-1.51
20220630,002394,1,1,1,0,1G1Y1R,1.5,16.42
20220630,603596,0,3,0,0,0G3Y0R,1.5,-0.66
20220630,300618,2,0,1,0,2G0Y1R,2.0,-43.79
20220630,002330,1,2,0,0,1G2Y0R,2.0,-32.43
20220630,600368,1,0,2,0,1G0Y2R,1.0,5.67
20220630,300782,1,0,2,0,1G0Y2R,1.0,-28.3
20220630,601138,1,2,0,0,1G2Y0R,2.0,169.73
20220630,301050,1,0,2,0,1G0Y2R,1.0,-36.07
20220630,603045,0,3,0,0,0G3Y0R,1.5,-3.63
20220630,002095,0,1,2,0,0G1Y2R,0.5,45.74
20220630,300768,1,1,1,0,1G1Y1R,1.5,3.07
20220630,601996,0,2,1,0,0G2Y1R,1.0,-16.89
20220630,300292,1,2,0,0,1G2Y0R,2.0,9.86
20220630,300314,2,1,0,0,2G1Y0R,2.5,100.56
20220630,603660,1,1,1,0,1G1Y1R,1.5,19.27
20220630,300009,3,0,0,0,3G0Y0R,3.0,1.39
20220630,000006,0,3,0,0,0G3Y0R,1.5,-5.31
20220630,002381,0,1,2,0,0G1Y2R,0.5,23.52
20220630,600284,2,1,0,0,2G1Y0R,2.5,-14.59
20220630,600048,0,2,1,0,0G2Y1R,1.0,-20.17
20220630,300270,1,2,0,0,1G2Y0R,2.0,29.01
20220630,300837,1,2,0,0,1G2Y0R,2.0,-4.55
20220630,688206,2,1,0,0,2G1Y0R,2.5,-7.7
20220630,300473,1,2,0,0,1G2Y0R,2.0,-2.54
20220630,688160,1,1,1,0,1G1Y1R,1.5,202.52
20220630,002396,3,0,0,0,3G0Y0R,3.0,0.25
20220630,002344,1,2,0,0,1G2Y0R,2.0,1.28
20220630,002873,3,0,0,0,3G0Y0R,3.0,12.81
20220630,600579,1,2,0,0,1G2Y0R,2.0,9.96
20220630,600269,2,0,1,0,2G0Y1R,2.0,9.41
20220630,600997,2,1,0,0,2G1Y0R,2.5,-14.65
20220630,002686,1,1,1,0,1G1Y1R,1.5,28.88
20220630,603777,3,0,0,0,3G0Y0R,3.0,5.16
20220630,603023,2,1,0,0,2G1Y0R,2.5,-12.45
20220630,688335,2,1,0,0,2G1Y0R,2.5,21.54
20220630,000858,2,1,0,0,2G1Y0R,2.5,-17.12
20220630,688338,1,2,0,0,1G2Y0R,2.0,67.16
20220630,603189,0,2,1,0,0G2Y1R,1.0,11.72
20220630,301020,0,0,3,0,0G0Y3R,0.0,1.35
20220630,000410,0,0,3,0,0G0Y3R,0.0,76.05
20220930,300305,0,1,2,0,0G1Y2R,0.5,-5.61
20220930,300101,2,1,0,0,2G1Y0R,2.5,-18.73
20220930,300603,1,2,0,0,1G2Y0R,2.0,16.21
20220930,600583,2,1,0,0,2G1Y0R,2.5,48.03
20220930,601633,1,1,1,0,1G1Y1R,1.5,-6.58
20220930,300260,2,1,0,0,2G1Y0R,2.5,-30.57
20220930,002516,0,3,0,0,0G3Y0R,1.5,4.94
20220930,688160,2,1,0,0,2G1Y0R,2.5,93.78
20220930,600819,1,1,1,0,1G1Y1R,1.5,3.43
20220930,603131,0,3,0,0,0G3Y0R,1.5,16.15
20220930,688163,1,1,1,0,1G1Y1R,1.5,11.47
20220930,002691,1,2,0,0,1G2Y0R,2.0,62.41
20220930,601995,0,3,0,0,0G3Y0R,1.5,9.35
20220930,300962,2,1,0,0,2G1Y0R,2.5,30.34
20220930,603687,1,2,0,0,1G2Y0R,2.0,14.81
20220930,688398,0,1,2,0,0G1Y2R,0.5,82.47
20220930,300493,1,2,0,0,1G2Y0R,2.0,40.08
20220930,603797,1,1,1,0,1G1Y1R,1.5,5.22
20220930,300508,0,2,1,0,0G2Y1R,1.0,67.63
20220930,300182,1,2,0,0,1G2Y0R,2.0,17.12
20220930,002558,2,1,0,0,2G1Y0R,2.5,75.26
20220930,603739,0,1,2,0,0G1Y2R,0.5,6.31
20220930,605006,2,0,1,0,2G0Y1R,2.0,-11.13
20220930,300292,1,2,0,0,1G2Y0R,2.0,21.19
20220930,600486,2,1,0,0,2G1Y0R,2.5,-8.97
20220930,002531,0,2,1,0,0G2Y1R,1.0,2.06
20220930,600895,1,1,1,0,1G1Y1R,1.5,128.72
20220930,603398,0,1,2,0,0G1Y2R,0.5,-44.59
20220930,000993,2,0,1,0,2G0Y1R,2.0,-5.28
20220930,300807,1,1,1,0,1G1Y1R,1.5,67.58
20220930,002386,1,1,1,0,1G1Y1R,1.5,-24.42
20220930,605077,0,1,2,0,0G1Y2R,0.5,-9.2
20220930,300841,1,1,0,1,1G1Y0R,1.5,-22.21
20220930,300227,1,2,0,0,1G2Y0R,2.0,20.87
20220930,603178,1,1,1,0,1G1Y1R,1.5,23.39
20220930,600148,0,0,3,0,0G0Y3R,0.0,19.55
20220930,688550,3,0,0,0,3G0Y0R,3.0,-13.09
20220930,603235,0,2,1,0,0G2Y1R,1.0,-1.69
20220930,301131,1,0,2,0,1G0Y2R,1.0,19.01
20220930,002158,2,0,1,0,2G0Y1R,2.0,10.83
20220930,301190,1,0,2,0,1G0Y2R,1.0,1.12
20220930,000789,0,2,1,0,0G2Y1R,1.0,-9.45
20220930,600201,0,2,1,0,0G2Y1R,1.0,21.1
20220930,601000,0,3,0,0,0G3Y0R,1.5,51.01
20220930,300385,1,0,2,0,1G0Y2R,1.0,11.99
20220930,605218,1,1,1,0,1G1Y1R,1.5,32.96
20220930,000826,1,0,2,0,1G0Y2R,1.0,4.62
20220930,002059,0,2,1,0,0G2Y1R,1.0,1.16
20220930,603559,0,2,1,0,0G2Y1R,1.0,-26.98
20220930,000731,2,1,0,0,2G1Y0R,2.5,-13.66
20220930,688596,0,3,0,0,0G3Y0R,1.5,0.4
20220930,300717,0,3,0,0,0G3Y0R,1.5,35.55
20220930,688561,0,2,1,0,0G2Y1R,1.0,19.45
20220930,002714,1,1,1,0,1G1Y1R,1.5,-29.28
20220930,002234,0,2,1,0,0G2Y1R,1.0,-6.27
20220930,000637,0,3,0,0,0G3Y0R,1.5,-5.24
20220930,600653,1,2,0,0,1G2Y0R,2.0,-6.15
20220930,688269,1,2,0,0,1G2Y0R,2.0,-38.53
20220930,300639,2,0,1,0,2G0Y1R,2.0,-17.13
20220930,601801,2,1,0,0,2G1Y0R,2.5,63.56
20220930,000089,0,2,1,0,0G2Y1R,1.0,1.19
20220930,603718,1,1,1,0,1G1Y1R,1.5,12.55
20220930,600812,2,1,0,0,2G1Y0R,2.5,-1.22
20220930,301219,2,1,0,0,2G1Y0R,2.5,-38.63
20220930,000752,0,0,2,1,0G0Y2R,0.0,196.61
20220930,600507,0,2,1,0,0G2Y1R,1.0,-21.56
20220930,300745,2,1,0,0,2G1Y0R,2.5,4.16
20220930,300535,0,2,1,0,0G2Y1R,1.0,32.63
20220930,002506,2,0,1,0,2G0Y1R,2.0,-9.18
20220930,300818,2,0,1,0,2G0Y1R,2.0,49.0
20220930,002094,1,2,0,0,1G2Y0R,2.0,14.41
20221231,600461,1,2,0,0,1G2Y0R,2.0,38.67
20221231,605259,0,2,1,0,0G2Y1R,1.0,-2.59
20221231,002833,0,2,1,0,0G2Y1R,1.0,52.08
20221231,300971,1,1,1,0,1G1Y1R,1.5,27.15
20221231,688270,1,0,2,0,1G0Y2R,1.0,-17.19
20221231,688377,2,1,0,0,2G1Y0R,2.5,-38.63
20221231,301302,1,2,0,0,1G2Y0R,2.0,-41.18
20221231,688200,1,1,1,0,1G1Y1R,1.5,-33.91
20221231,603013,0,2,1,0,0G2Y1R,1.0,24.5
20221231,301176,1,1,1,0,1G1Y1R,1.5,-3.5
20221231,688261,0,3,0,0,0G3Y0R,1.5,-50.22
20221231,300878,0,2,1,0,0G2Y1R,1.0,2.3
20221231,603990,1,1,1,0,1G1Y1R,1.5,-12.01
20221231,603027,2,0,1,0,2G0Y1R,2.0,-21.79
20221231,603629,2,1,0,0,2G1Y0R,2.5,155.36
20221231,002998,0,1,2,0,0G1Y2R,0.5,23.57
20221231,688680,1,1,1,0,1G1Y1R,1.5,-64.53
20221231,601599,1,1,1,0,1G1Y1R,1.5,30.37
20221231,301056,1,0,2,0,1G0Y2R,1.0,35.07
20221231,601899,2,1,0,0,2G1Y0R,2.5,27.26
20221231,300655,0,1,2,0,0G1Y2R,0.5,12.78
20221231,600983,1,1,1,0,1G1Y1R,1.5,39.51
20221231,600995,1,0,2,0,1G0Y2R,1.0,-31.41
20221231,300601,0,2,1,0,0G2Y1R,1.0,-13.37
20221231,000729,2,1,0,0,2G1Y0R,2.5,-18.21
20221231,600674,0,1,2,0,0G1Y2R,0.5,27.05
20221231,688230,1,1,1,0,1G1Y1R,1.5,9.43
20221231,688561,2,0,1,0,2G0Y1R,2.0,-39.05
20221231,002258,1,2,0,0,1G2Y0R,2.0,-31.18
20221231,300316,3,0,0,0,3G0Y0R,3.0,-30.19
20221231,300918,3,0,0,0,3G0Y0R,3.0,1.78
20221231,301057,1,1,1,0,1G1Y1R,1.5,-15.6
20221231,300019,0,1,2,0,0G1Y2R,0.5,6.88
20221231,002277,1,2,0,0,1G2Y0R,2.0,-11.82
20221231,300200,1,2,0,0,1G2Y0R,2.0,28.63
20221231,300048,0,1,2,0,0G1Y2R,0.5,4.12
20221231,601116,2,1,0,0,2G1Y0R,2.5,-2.57
20221231,002406,0,3,0,0,0G3Y0R,1.5,37.14
20221231,601618,1,2,0,0,1G2Y0R,2.0,-1.81
20221231,000576,1,0,2,0,1G0Y2R,1.0,-8.46
20221231,300535,0,2,1,0,0G2Y1R,1.0,36.26
20221231,688001,2,1,0,0,2G1Y0R,2.5,31.23
20221231,002172,1,1,1,0,1G1Y1R,1.5,-8.23
20221231,600525,2,0,1,0,2G0Y1R,2.0,14.32
20221231,605598,2,0,1,0,2G0Y1R,2.0,50.76
20221231,603105,3,0,0,0,3G0Y0R,3.0,-20.78
20221231,688220,2,1,0,0,2G1Y0R,2.5,16.07
20221231,600955,0,0,3,0,0G0Y3R,0.0,-12.9
20221231,002312,0,3,0,0,0G3Y0R,1.5,-30.2
20221231,301103,1,2,0,0,1G2Y0R,2.0,-2.65
20221231,603032,2,1,0,0,2G1Y0R,2.5,-67.61
20221231,301366,2,0,1,0,2G0Y1R,2.0,28.44
20221231,002965,1,2,0,0,1G2Y0R,2.0,-28.67
20221231,300398,2,1,0,0,2G1Y0R,2.5,-7.79
20221231,300751,2,0,1,0,2G0Y1R,2.0,-49.47
20221231,002920,2,1,0,0,2G1Y0R,2.5,23.64
20221231,002759,2,0,1,0,2G0Y1R,2.0,-33.42
20221231,603580,0,2,1,0,0G2Y1R,1.0,2.48
20221231,603036,2,0,1,0,2G0Y1R,2.0,43.63
20221231,603662,2,1,0,0,2G1Y0R,2.5,121.01
20221231,002930,1,1,1,0,1G1Y1R,1.5,2.42
20221231,600641,2,0,1,0,2G0Y1R,2.0,-1.86
20221231,688520,3,0,0,0,3G0Y0R,3.0,-11.11
20221231,002181,0,1,2,0,0G1Y2R,0.5,-15.22
20221231,000785,1,2,0,0,1G2Y0R,2.0,-15.18
20221231,688793,0,2,1,0,0G2Y1R,1.0,-4.32
20221231,600099,1,2,0,0,1G2Y0R,2.0,17.31
20221231,000952,0,0,3,0,0G0Y3R,0.0,4.31
20221231,002274,0,2,1,0,0G2Y1R,1.0,7.85
20221231,601996,0,1,2,0,0G1Y2R,0.5,5.56
20221231,300913,1,2,0,0,1G2Y0R,2.0,159.14
20221231,300339,1,2,0,0,1G2Y0R,2.0,39.9
20230331,600439,0,2,1,0,0G2Y1R,1.0,1.49
20230331,300987,1,1,1,0,1G1Y1R,1.5,-15.23
20230331,603885,0,2,1,0,0G2Y1R,1.0,-32.42
20230331,300326,1,2,0,0,1G2Y0R,2.0,-31.89
20230331,605066,1,2,0,0,1G2Y0R,2.0,0.63
20230331,002429,0,2,1,0,0G2Y1R,1.0,3.12
20230331,300258,1,2,0,0,1G2Y0R,2.0,-6.73
20230331,600262,0,3,0,0,0G3Y0R,1.5,-8.32
20230331,600773,2,0,1,0,2G0Y1R,2.0,-18.62
20230331,002103,0,3,0,0,0G3Y0R,1.5,16.16
20230331,600633,0,2,1,0,0G2Y1R,1.0,-11.94
20230331,300380,0,1,2,0,0G1Y2R,0.5,-8.6
20230331,300182,0,3,0,0,0G3Y0R,1.5,-15.95
20230331,000661,1,2,0,0,1G2Y0R,2.0,-25.95
20230331,300640,0,2,1,0,0G2Y1R,1.0,-15.61
20230331,002984,1,2,0,0,1G2Y0R,2.0,-1.04
20230331,000875,1,2,0,0,1G2Y0R,2.0,-19.52
20230331,000039,0,3,0,0,0G3Y0R,1.5,28.91
20230331,603678,0,3,0,0,0G3Y0R,1.5,-47.87
20230331,000676,0,2,1,0,0G2Y1R,1.0,6.38
20230331,603209,0,0,2,1,0G0Y2R,0.0,-45.92
20230331,603890,0,3,0,0,0G3Y0R,1.5,-1.95
20230331,300814,0,1,2,0,0G1Y2R,0.5,40.64
20230331,603173,1,0,2,0,1G0Y2R,1.0,-21.13
20230331,002247,0,2,1,0,0G2Y1R,1.0,-36.12
20230331,300140,2,1,0,0,2G1Y0R,2.5,-9.88
20230331,688266,0,1,2,0,0G1Y2R,0.5,9.09
20230331,600674,1,1,1,0,1G1Y1R,1.5,29.43
20230331,600319,0,2,1,0,0G2Y1R,1.0,-25.63
20230331,603882,0,1,2,0,0G1Y2R,0.5,-34.54
20230331,601007,1,0,2,0,1G0Y2R,1.0,-29.42
20230331,002845,0,1,2,0,0G1Y2R,0.5,-9.7
20230331,600596,1,1,1,0,1G1Y1R,1.5,-43.13
20230331,688121,0,0,3,0,0G0Y3R,0.0,-35.43
20230331,601598,0,3,0,0,0G3Y0R,1.5,50.13
20230331,600221,0,1,2,0,0G1Y2R,0.5,-22.16
20230331,688251,0,3,0,0,0G3Y0R,1.5,-36.44
20230331,300094,1,0,2,0,1G0Y2R,1.0,-21.92
20230331,600603,1,1,1,0,1G1Y1R,1.5,-2.69
20230331,600936,0,1,2,0,0G1Y2R,0.5,-33.56
20230331,002721,0,2,1,0,0G2Y1R,1.0,-11.71
20230331,002292,1,2,0,0,1G2Y0R,2.0,15.48
20230331,300040,0,3,0,0,0G3Y0R,1.5,-26.71
20230331,002044,0,2,1,0,0G2Y1R,1.0,-32.98
20230331,300534,2,1,0,0,2G1Y0R,2.5,-10.13
20230331,601702,0,3,0,0,0G3Y0R,1.5,47.38
20230331,600511,2,1,0,0,2G1Y0R,2.5,-9.57
20230331,002126,1,2,0,0,1G2Y0R,2.0,27.58
20230331,603579,0,2,1,0,0G2Y1R,1.0,-11.99
20230331,002962,0,2,1,0,0G2Y1R,1.0,27.06
20230331,301131,0,0,3,0,0G0Y3R,0.0,3.36
20230331,300183,1,1,1,0,1G1Y1R,1.5,-30.46
20230331,688023,1,2,0,0,1G2Y0R,2.0,-68.86
20230331,688528,0,2,1,0,0G2Y1R,1.0,-27.18
20230331,688278,2,1,0,0,2G1Y0R,2.5,37.93
20230331,605268,0,2,1,0,0G2Y1R,1.0,-12.5
20230331,600976,1,2,0,0,1G2Y0R,2.0,-23.29
20230331,601229,0,2,0,1,0G2Y0R,1.0,20.09
20230331,600844,0,1,2,0,0G1Y2R,0.5,15.52
20230331,600883,1,1,1,0,1G1Y1R,1.5,-7.27
20230331,601689,1,2,0,0,1G2Y0R,2.0,-0.84
20230331,300360,2,1,0,0,2G1Y0R,2.5,10.12
20230331,603139,1,1,1,0,1G1Y1R,1.5,-14.47
20230331,301200,1,1,1,0,1G1Y1R,1.5,-19.35
20230331,000783,0,3,0,0,0G3Y0R,1.5,-6.0
20230331,300990,0,3,0,0,0G3Y0R,1.5,-14.85
20230331,688102,0,2,1,0,0G2Y1R,1.0,-3.81
20230331,605003,0,1,2,0,0G1Y2R,0.5,-11.68
20230331,688058,0,2,1,0,0G2Y1R,1.0,-35.31
20230331,603915,0,3,0,0,0G3Y0R,1.5,-29.54
20230331,603656,0,3,0,0,0G3Y0R,1.5,4.81
20230331,600058,0,2,1,0,0G2Y1R,1.0,-17.94
20230630,301047,0,1,2,0,0G1Y2R,0.5,-28.18
20230630,600096,1,2,0,0,1G2Y0R,2.0,19.26
20230630,300664,1,1,1,0,1G1Y1R,1.5,-21.38
20230630,300512,2,1,0,0,2G1Y0R,2.5,-33.34
20230630,000582,1,1,1,0,1G1Y1R,1.5,0.45
20230630,600152,0,2,1,0,0G2Y1R,1.0,-48.28
20230630,600938,2,1,0,0,2G1Y0R,2.5,93.56
20230630,300204,0,3,0,0,0G3Y0R,1.5,-43.12
20230630,300750,2,1,0,0,2G1Y0R,2.5,-19.39
20230630,002136,0,2,1,0,0G2Y1R,1.0,-19.56
20230630,000600,1,2,0,0,1G2Y0R,2.0,-17.44
20230630,600610,0,1,2,0,0G1Y2R,0.5,-65.66
20230630,300780,1,2,0,0,1G2Y0R,2.0,-25.14
20230630,002513,0,3,0,0,0G3Y0R,1.5,-38.61
20230630,603511,2,1,0,0,2G1Y0R,2.5,-28.6
20230630,300908,3,0,0,0,3G0Y0R,3.0,-8.57
20230630,000628,1,2,0,0,1G2Y0R,2.0,175.08
20230630,600834,2,1,0,0,2G1Y0R,2.5,-20.05
20230630,300916,0,1,2,0,0G1Y2R,0.5,-26.17
20230630,001965,1,1,1,0,1G1Y1R,1.5,28.98
20230630,300103,0,2,1,0,0G2Y1R,1.0,-27.2
20230630,002682,0,3,0,0,0G3Y0R,1.5,-12.75
20230630,000617,1,1,1,0,1G1Y1R,1.5,-22.35
20230630,002550,1,2,0,0,1G2Y0R,2.0,6.68
20230630,301281,1,0,2,0,1G0Y2R,1.0,-13.91
20230630,000058,1,1,1,0,1G1Y1R,1.5,-12.71
20230630,301382,0,1,2,0,0G1Y2R,0.5,-38.77
20230630,000025,0,2,1,0,0G2Y1R,1.0,-26.16
20230630,002915,0,1,2,0,0G1Y2R,0.5,-40.45
20230630,002785,0,2,1,0,0G2Y1R,1.0,15.31
20230630,300879,0,2,1,0,0G2Y1R,1.0,-29.69
20230630,300240,0,3,0,0,0G3Y0R,1.5,-13.74
20230630,301380,1,1,1,0,1G1Y1R,1.5,-29.42
20230630,000948,2,1,0,0,2G1Y0R,2.5,-26.19
20230630,688276,1,1,1,0,1G1Y1R,1.5,-54.49
20230630,600444,0,3,0,0,0G3Y0R,1.5,-10.96
20230630,300896,2,1,0,0,2G1Y0R,2.5,-45.23
20230630,300500,1,2,0,0,1G2Y0R,2.0,-38.18
20230630,688551,3,0,0,0,3G0Y0R,3.0,-51.19
20230630,600116,1,1,1,0,1G1Y1R,1.5,-24.01
20230630,600072,1,1,1,0,1G1Y1R,1.5,-52.01
20230630,300785,1,2,0,0,1G2Y0R,2.0,-34.9
20230630,600332,1,2,0,0,1G2Y0R,2.0,-5.68
20230630,600273,0,0,3,0,0G0Y3R,0.0,-20.42
20230630,002034,1,1,1,0,1G1Y1R,1.5,-14.83
20230630,002174,1,1,1,0,1G1Y1R,1.5,-54.82
20230630,600665,0,2,1,0,0G2Y1R,1.0,-43.86
20230630,603585,0,1,2,0,0G1Y2R,0.5,-34.41
20230630,300685,2,0,1,0,2G0Y1R,2.0,-26.68
20230630,300245,0,1,2,0,0G1Y2R,0.5,-43.77
20230630,300721,0,1,2,0,0G1Y2R,0.5,-20.63
20230630,301219,0,1,2,0,0G1Y2R,0.5,5.86
20230630,603182,1,2,0,0,1G2Y0R,2.0,-27.87
20230630,002859,1,1,1,0,1G1Y1R,1.5,-26.78
20230630,301295,1,2,0,0,1G2Y0R,2.0,-25.91
20230630,000688,1,2,0,0,1G2Y0R,2.0,-37.12
20230630,300644,1,1,1,0,1G1Y1R,1.5,10.57
20230630,003012,1,2,0,0,1G2Y0R,2.0,-21.14
20230630,000830,0,1,2,0,0G1Y2R,0.5,17.72
20230630,603317,3,0,0,0,3G0Y0R,3.0,-19.38
20230630,600310,0,1,2,0,0G1Y2R,0.5,-33.06
20230630,603217,0,1,2,0,0G1Y2R,0.5,-45.24
20230630,002963,1,0,2,0,1G0Y2R,1.0,-29.69
20230630,688690,1,0,2,0,1G0Y2R,1.0,-55.17
20230630,300665,0,3,0,0,0G3Y0R,1.5,-41.66
20230630,000885,0,2,1,0,0G2Y1R,1.0,-7.43
20230630,605168,1,2,0,0,1G2Y0R,2.0,-53.78
20230630,600651,0,1,2,0,0G1Y2R,0.5,-33.97
20230630,000031,0,1,2,0,0G1Y2R,0.5,-36.07
20230630,002851,2,1,0,0,2G1Y0R,2.5,-29.15
20230630,688619,0,1,2,0,0G1Y2R,0.5,-53.23
20230630,000831,0,1,2,0,0G1Y2R,0.5,-14.08
20230630,300068,2,1,0,0,2G1Y0R,2.5,-57.23
20230630,601003,0,1,2,0,0G1Y2R,0.5,-37.38
20230630,600363,1,2,0,0,1G2Y0R,2.0,-25.63
20230930,300389,1,2,0,0,1G2Y0R,2.0,-23.14
20230930,300525,0,3,0,0,0G3Y0R,1.5,-2.15
20230930,002647,1,2,0,0,1G2Y0R,2.0,5.34
20230930,301279,0,1,2,0,0G1Y2R,0.5,-18.9
20230930,002309,1,1,1,0,1G1Y1R,1.5,-40.74
20230930,600050,1,2,0,0,1G2Y0R,2.0,12.2
20230930,300655,0,1,2,0,0G1Y2R,0.5,-18.91
20230930,600141,0,2,1,0,0G2Y1R,1.0,17.2
20230930,600272,0,3,0,0,0G3Y0R,1.5,-4.21
20230930,000766,3,0,0,0,3G0Y0R,3.0,29.65
20230930,603721,0,2,1,0,0G2Y1R,1.0,58.14
20230930,301002,0,2,1,0,0G2Y1R,1.0,-9.57
20230930,001202,0,3,0,0,0G3Y0R,1.5,-22.85
20230930,300904,0,1,2,0,0G1Y2R,0.5,-42.97
20230930,300558,1,1,1,0,1G1Y1R,1.5,-19.39
20230930,600551,1,2,0,0,1G2Y0R,2.0,16.67
20230930,603351,0,3,0,0,0G3Y0R,1.5,-7.17
20230930,301376,1,1,1,0,1G1Y1R,1.5,-7.45
20230930,603122,0,2,1,0,0G2Y1R,1.0,-18.12
20230930,600666,1,1,1,0,1G1Y1R,1.5,-14.85
20230930,300681,0,1,2,0,0G1Y2R,0.5,-2.66
20230930,688620,0,3,0,0,0G3Y0R,1.5,-34.15
20230930,300910,1,1,1,0,1G1Y1R,1.5,5.18
20230930,000065,1,2,0,0,1G2Y0R,2.0,-27.72
20230930,000876,1,2,0,0,1G2Y0R,2.0,-5.36
20230930,603717,0,1,2,0,0G1Y2R,0.5,-12.46
20230930,688261,0,1,2,0,0G1Y2R,0.5,-41.42
20230930,605028,0,1,2,0,0G1Y2R,0.5,-17.87
20230930,300508,1,1,1,0,1G1Y1R,1.5,-24.14
20230930,300242,0,2,0,1,0G2Y0R,1.0,11.21
20230930,000792,0,2,1,0,0G2Y1R,1.0,8.16
20230930,688379,2,1,0,0,2G1Y0R,2.5,-19.83
20230930,688061,0,2,1,0,0G2Y1R,1.0,-30.55
20230930,300917,0,3,0,0,0G3Y0R,1.5,119.42
20230930,300496,2,1,0,0,2G1Y0R,2.5,-30.77
20230930,688399,1,1,1,0,1G1Y1R,1.5,73.12
20230930,002054,0,1,2,0,0G1Y2R,0.5,-16.33
20230930,300542,0,2,1,0,0G2Y1R,1.0,24.35
20230930,002810,0,2,1,0,0G2Y1R,1.0,-14.42
20230930,002575,1,0,1,1,1G0Y1R,1.0,-4.26
20230930,300669,0,3,0,0,0G3Y0R,1.5,10.37
20230930,301331,1,1,1,0,1G1Y1R,1.5,-6.88
20230930,000756,2,1,0,0,2G1Y0R,2.5,-14.7
20230930,601598,0,2,1,0,0G2Y1R,1.0,17.65
20230930,300498,1,1,1,0,1G1Y1R,1.5,16.46
20230930,002622,1,1,1,0,1G1Y1R,1.5,-36.94
20230930,600506,2,1,0,0,2G1Y0R,2.5,22.31
20230930,001308,0,3,0,0,0G3Y0R,1.5,-8.55
20230930,601965,1,2,0,0,1G2Y0R,2.0,-3.78
20230930,300927,0,3,0,0,0G3Y0R,1.5,24.69
20230930,688338,3,0,0,0,3G0Y0R,3.0,-23.21
20230930,300923,1,2,0,0,1G2Y0R,2.0,-6.33
20230930,003038,0,2,1,0,0G2Y1R,1.0,-37.56
20230930,002877,3,0,0,0,3G0Y0R,3.0,-20.77
20230930,600683,0,1,2,0,0G1Y2R,0.5,-16.36
20230930,001207,0,2,1,0,0G2Y1R,1.0,-1.86
20230930,301131,0,2,1,0,0G2Y1R,1.0,-15.07
20230930,003029,0,1,2,0,0G1Y2R,0.5,-3.45
20230930,301395,0,2,1,0,0G2Y1R,1.0,-18.98
20230930,603808,1,2,0,0,1G2Y0R,2.0,-41.21
20230930,000423,2,1,0,0,2G1Y0R,2.5,32.01
20230930,300796,1,1,1,0,1G1Y1R,1.5,-21.49
20230930,300425,1,1,1,0,1G1Y1R,1.5,0.84
20230930,601949,3,0,0,0,3G0Y0R,3.0,-19.56
20230930,300580,3,0,0,0,3G0Y0R,3.0,11.58
20230930,601318,0,2,0,1,0G2Y0R,1.0,24.98
20230930,600834,3,0,0,0,3G0Y0R,3.0,-1.36
20230930,603577,1,2,0,0,1G2Y0R,2.0,-13.83
20230930,300775,1,1,1,0,1G1Y1R,1.5,-10.54
20230930,603190,1,1,1,0,1G1Y1R,1.5,-25.55
20230930,001256,1,1,1,0,1G1Y1R,1.5,-12.2
20230930,300614,0,1,2,0,0G1Y2R,0.5,-50.3
20230930,603081,0,1,2,0,0G1Y2R,0.5,-22.53
20230930,300590,0,2,1,0,0G2Y1R,1.0,33.33
20230930,688195,0,1,2,0,0G1Y2R,0.5,-20.75
20230930,600259,0,2,1,0,0G2Y1R,1.0,-12.72
20231231,688244,0,1,2,0,0G1Y2R,0.5,-31.97
20231231,301047,1,1,1,0,1G1Y1R,1.5,-22.94
20231231,002623,2,1,0,0,2G1Y0R,2.5,-40.87
20231231,601616,1,1,1,0,1G1Y1R,1.5,23.97
20231231,600971,0,2,1,0,0G2Y1R,1.0,-9.74
20231231,603277,0,3,0,0,0G3Y0R,1.5,-9.07
20231231,301161,2,1,0,0,2G1Y0R,2.5,6.08
20231231,002267,0,3,0,0,0G3Y0R,1.5,21.21
20231231,000596,2,1,0,0,2G1Y0R,2.5,-24.08
20231231,603192,0,3,0,0,0G3Y0R,1.5,-23.59
20231231,603918,2,0,1,0,2G0Y1R,2.0,-31.75
20231231,688106,3,0,0,0,3G0Y0R,3.0,-27.35
20231231,603778,1,1,1,0,1G1Y1R,1.5,-45.5
20231231,688020,1,1,1,0,1G1Y1R,1.5,-26.7
20231231,000888,2,1,0,0,2G1Y0R,2.5,50.87
20231231,300313,1,2,0,0,1G2Y0R,2.0,-41.06
20231231,300501,1,2,0,0,1G2Y0R,2.0,-4.6
20231231,002047,1,0,2,0,1G0Y2R,1.0,7.27
20231231,300410,0,1,2,0,0G1Y2R,0.5,-38.79
20231231,300360,1,2,0,0,1G2Y0R,2.0,28.24
20231231,301379,1,1,1,0,1G1Y1R,1.5,-2.96
20231231,603718,1,0,2,0,1G0Y2R,1.0,-35.16
20231231,002605,2,1,0,0,2G1Y0R,2.5,25.01
20231231,300655,0,2,1,0,0G2Y1R,1.0,-3.44
20231231,002309,0,2,1,0,0G2Y1R,1.0,-13.48
20231231,603208,1,2,0,0,1G2Y0R,2.0,-33.09
20231231,000962,0,2,1,0,0G2Y1R,1.0,10.93
20231231,688226,2,1,0,0,2G1Y0R,2.5,35.3
20231231,002179,2,0,1,0,2G0Y1R,2.0,2.42
20231231,002350,0,2,1,0,0G2Y1R,1.0,12.59
20231231,688618,2,1,0,0,2G1Y0R,2.5,-46.39
20231231,603655,2,0,1,0,2G0Y1R,2.0,17.52
20231231,605089,0,3,0,0,0G3Y0R,1.5,-29.72
20231231,600365,1,2,0,0,1G2Y0R,2.0,-20.22
20231231,300522,1,1,1,0,1G1Y1R,1.5,-7.84
20231231,600196,0,2,1,0,0G2Y1R,1.0,0.43
20231231,603030,1,1,1,0,1G1Y1R,1.5,-10.68
20231231,300179,0,2,1,0,0G2Y1R,1.0,29.5
20231231,600216,0,2,1,0,0G2Y1R,1.0,49.83
20231231,300322,1,2,0,0,1G2Y0R,2.0,17.47
20231231,601888,1,2,0,0,1G2Y0R,2.0,-18.02
20231231,603081,0,1,2,0,0G1Y2R,0.5,-16.6
20231231,002142,0,2,0,1,0G2Y0R,1.0,24.32
20231231,300154,1,1,1,0,1G1Y1R,1.5,53.75
20231231,001278,1,2,0,0,1G2Y0R,2.0,-36.88
20231231,300541,1,2,0,0,1G2Y0R,2.0,15.6
20231231,600529,0,3,0,0,0G3Y0R,1.5,3.43
20231231,600212,1,2,0,0,1G2Y0R,2.0,5.29
20231231,300607,0,2,1,0,0G2Y1R,1.0,63.2
20231231,603180,1,2,0,0,1G2Y0R,2.0,-12.71
20231231,600135,0,3,0,0,0G3Y0R,1.5,-18.34
20231231,300400,1,0,2,0,1G0Y2R,1.0,3.18
20231231,600469,2,1,0,0,2G1Y0R,2.5,4.85
20231231,688596,2,1,0,0,2G1Y0R,2.5,-9.59
20231231,000629,0,1,2,0,0G1Y2R,0.5,-12.2
20231231,000030,2,1,0,0,2G1Y0R,2.5,0.81
20231231,000410,0,2,1,0,0G2Y1R,1.0,2.45
20231231,603337,0,3,0,0,0G3Y0R,1.5,45.09
20231231,605288,2,1,0,0,2G1Y0R,2.5,-26.87
20231231,002227,0,3,0,0,0G3Y0R,1.5,-7.93
20231231,600377,1,0,2,0,1G0Y2R,1.0,54.82
20231231,300100,1,2,0,0,1G2Y0R,2.0,167.55
20231231,300070,2,1,0,0,2G1Y0R,2.5,2.24
20231231,002186,1,1,1,0,1G1Y1R,1.5,-0.51
20231231,002695,1,2,0,0,1G2Y0R,2.0,-16.71
20231231,002095,0,2,1,0,0G2Y1R,1.0,-11.08
20231231,002832,3,0,0,0,3G0Y0R,3.0,-28.92
20231231,603612,0,0,3,0,0G0Y3R,0.0,-12.22
20231231,600800,0,1,2,0,0G1Y2R,0.5,-17.62
20231231,301315,0,2,1,0,0G2Y1R,1.0,30.14
20231231,301448,0,3,0,0,0G3Y0R,1.5,-26.5
20231231,300941,0,3,0,0,0G3Y0R,1.5,26.0
20231231,300593,1,1,1,0,1G1Y1R,1.5,-23.4
20231231,002029,1,1,1,0,1G1Y1R,1.5,16.88
20231231,603556,3,0,0,0,3G0Y0R,3.0,30.39
20231231,300830,1,2,0,0,1G2Y0R,2.0,1.19
20231231,605188,1,2,0,0,1G2Y0R,2.0,-10.1
20240331,002198,0,1,2,0,0G1Y2R,0.5,9.66
20240331,601990,0,2,1,0,0G2Y1R,1.0,7.52
20240331,688593,1,0,2,0,1G0Y2R,1.0,82.94
20240331,301166,0,3,0,0,0G3Y0R,1.5,0.76
20240331,301372,1,0,2,0,1G0Y2R,1.0,-43.5
20240331,600059,1,1,1,0,1G1Y1R,1.5,-7.68
20240331,688520,3,0,0,0,3G0Y0R,3.0,-0.61
20240331,605116,2,1,0,0,2G1Y0R,2.5,-0.67
20240331,001288,0,3,0,0,0G3Y0R,1.5,48.44
20240331,603991,1,1,0,1,1G1Y0R,1.5,51.49
20240331,300883,1,1,1,0,1G1Y1R,1.5,4.95
20240331,601611,1,2,0,0,1G2Y0R,2.0,23.34
20240331,600388,0,2,1,0,0G2Y1R,1.0,-0.07
20240331,300852,1,1,1,0,1G1Y1R,1.5,35.71
20240331,301500,0,1,2,0,0G1Y2R,0.5,7.11
20240331,002819,1,2,0,0,1G2Y0R,2.0,1.32
20240331,600272,0,1,2,0,0G1Y2R,0.5,28.18
20240331,688297,0,1,2,0,0G1Y2R,0.5,0.72
20240331,688314,2,1,0,0,2G1Y0R,2.5,23.53
20240331,300102,0,2,1,0,0G2Y1R,1.0,54.37
20240331,300394,3,0,0,0,3G0Y0R,3.0,-20.65
20240331,688253,1,2,0,0,1G2Y0R,2.0,-4.9
20240331,001376,1,2,0,0,1G2Y0R,2.0,-15.35
20240331,605169,1,1,1,0,1G1Y1R,1.5,13.95
20240331,001202,0,3,0,0,0G3Y0R,1.5,17.43
20240331,002247,1,2,0,0,1G2Y0R,2.0,43.45
20240331,600619,1,2,0,0,1G2Y0R,2.0,133.06
20240331,301073,1,2,0,0,1G2Y0R,2.0,-2.85
20240331,688332,0,2,1,0,0G2Y1R,1.0,107.51
20240331,688623,1,1,1,0,1G1Y1R,1.5,-2.43
20240331,600101,1,1,1,0,1G1Y1R,1.5,92.82
20240331,688386,1,1,1,0,1G1Y1R,1.5,35.99
20240331,300962,1,1,1,0,1G1Y1R,1.5,1.78
20240331,300199,0,2,1,0,0G2Y1R,1.0,28.68
20240331,000652,0,2,1,0,0G2Y1R,1.0,9.04
20240331,301138,2,1,0,0,2G1Y0R,2.5,5.3
20240331,603969,0,3,0,0,0G3Y0R,1.5,14.61
20240331,601996,1,1,1,0,1G1Y1R,1.5,-4.99
20240331,002357,1,2,0,0,1G2Y0R,2.0,22.24
20240331,603890,0,3,0,0,0G3Y0R,1.5,29.98
20240331,300577,1,1,1,0,1G1Y1R,1.5,24.02
20240331,688689,0,2,1,0,0G2Y1R,1.0,28.8
20240331,300224,0,2,1,0,0G2Y1R,1.0,19.81
20240331,301080,2,1,0,0,2G1Y0R,2.5,33.29
20240331,301223,0,2,1,0,0G2Y1R,1.0,7.1
20240331,000605,1,1,1,0,1G1Y1R,1.5,41.52
20240331,300359,0,2,1,0,0G2Y1R,1.0,20.57
20240331,002199,0,1,2,0,0G1Y2R,0.5,-22.47
20240331,300211,0,2,1,0,0G2Y1R,1.0,38.13
20240331,002734,0,2,1,0,0G2Y1R,1.0,64.89
20240331,002333,1,1,1,0,1G1Y1R,1.5,-12.24
20240331,002380,1,2,0,0,1G2Y0R,2.0,57.66
20240331,001306,0,2,1,0,0G2Y1R,1.0,10.48
20240331,301157,1,0,2,0,1G0Y2R,1.0,41.33
20240331,601068,1,2,0,0,1G2Y0R,2.0,-2.56
20240331,600285,2,1,0,0,2G1Y0R,2.5,1.54
20240331,688711,0,2,1,0,0G2Y1R,1.0,-22.74
20240331,301149,1,2,0,0,1G2Y0R,2.0,-3.01
20240331,688115,0,1,2,0,0G1Y2R,0.5,65.89
20240331,301260,1,1,1,0,1G1Y1R,1.5,14.11
20240331,301017,1,2,0,0,1G2Y0R,2.0,-15.13
20240331,603800,1,2,0,0,1G2Y0R,2.0,47.32
20240331,603057,0,3,0,0,0G3Y0R,1.5,7.85
20240331,002797,0,2,1,0,0G2Y1R,1.0,39.5
20240331,000886,0,1,2,0,0G1Y2R,0.5,37.14
20240331,300107,0,1,2,0,0G1Y2R,0.5,20.64
20240331,002767,1,1,1,0,1G1Y1R,1.5,22.73
20240331,301520,0,2,1,0,0G2Y1R,1.0,-16.74
20240331,300429,0,2,1,0,0G2Y1R,1.0,4.81
20240331,605598,0,2,1,0,0G2Y1R,1.0,7.52
20240331,300979,1,2,0,0,1G2Y0R,2.0,4.29
20240331,002405,1,1,1,0,1G1Y1R,1.5,1.39
20240331,000045,2,1,0,0,2G1Y0R,2.5,22.15
20240331,688120,1,2,0,0,1G2Y0R,2.0,41.96
20240331,000539,1,2,0,0,1G2Y0R,2.0,-12.65
20240331,600051,0,2,1,0,0G2Y1R,1.0,13.36
20240331,600489,1,1,1,0,1G1Y1R,1.5,8.91
20240331,002448,1,2,0,0,1G2Y0R,2.0,29.83
20240630,000509,0,2,1,0,0G2Y1R,1.0,29.57
20240630,601696,0,2,0,1,0G2Y0R,1.0,18.31
20240630,605303,2,0,1,0,2G0Y1R,2.0,93.58
20240630,603389,0,1,2,0,0G1Y2R,0.5,225.48
20240630,000888,2,0,1,0,2G0Y1R,2.0,29.11
20240630,600617,1,2,0,0,1G2Y0R,2.0,8.8
20240630,600448,1,1,1,0,1G1Y1R,1.5,77.16
20240630,600477,0,2,1,0,0G2Y1R,1.0,15.05
20240630,000589,2,1,0,0,2G1Y0R,2.5,-9.86
20240630,600865,0,3,0,0,0G3Y0R,1.5,41.68
20240630,002845,2,1,0,0,2G1Y0R,2.5,8.49
20240630,600193,0,1,1,1,0G1Y1R,0.5,29.71
20240630,600740,0,1,2,0,0G1Y2R,0.5,-4.84
20240630,300337,2,1,0,0,2G1Y0R,2.5,35.8
20240630,688173,1,1,1,0,1G1Y1R,1.5,23.84
20240630,001231,1,2,0,0,1G2Y0R,2.0,44.39
20240630,600623,1,2,0,0,1G2Y0R,2.0,33.81
20240630,000153,0,2,1,0,0G2Y1R,1.0,16.58
20240630,603486,0,3,0,0,0G3Y0R,1.5,24.46
20240630,301310,1,2,0,0,1G2Y0R,2.0,56.1
20240630,688006,2,1,0,0,2G1Y0R,2.5,13.14
20240630,002428,1,2,0,0,1G2Y0R,2.0,83.53
20240630,601208,0,2,1,0,0G2Y1R,1.0,32.01
20240630,603878,1,1,1,0,1G1Y1R,1.5,-15.66
20240630,600435,0,2,1,0,0G2Y1R,1.0,81.17
20240630,600526,1,2,0,0,1G2Y0R,2.0,32.06
20240630,688519,0,2,1,0,0G2Y1R,1.0,76.48
20240630,301231,1,1,1,0,1G1Y1R,1.5,22.62
20240630,002829,0,1,2,0,0G1Y2R,0.5,62.96
20240630,600622,1,1,1,0,1G1Y1R,1.5,57.3
20240630,002392,1,1,1,0,1G1Y1R,1.5,98.1
20240630,000898,0,1,2,0,0G1Y2R,0.5,9.43
20240630,600583,1,2,0,0,1G2Y0R,2.0,-4.07
20240630,688505,2,1,0,0,2G1Y0R,2.5,37.22
20240630,300701,3,0,0,0,3G0Y0R,3.0,26.2
20240630,688171,0,2,1,0,0G2Y1R,1.0,104.24
20240630,000514,0,1,2,0,0G1Y2R,0.5,44.73
20240630,688357,1,1,1,0,1G1Y1R,1.5,24.97
20240630,688108,1,2,0,0,1G2Y0R,2.0,25.5
20240630,002837,2,0,1,0,2G0Y1R,2.0,81.68
20240630,300641,1,2,0,0,1G2Y0R,2.0,-11.9
20240630,002539,0,0,3,0,0G0Y3R,0.0,33.23
20240630,300078,0,2,1,0,0G2Y1R,1.0,72.89
20240630,300158,2,0,1,0,2G0Y1R,2.0,15.18
20240630,000755,0,3,0,0,0G3Y0R,1.5,22.38
20240630,603033,1,2,0,0,1G2Y0R,2.0,-3.75
20240630,688200,1,1,1,0,1G1Y1R,1.5,58.25
20240630,600276,3,0,0,0,3G0Y0R,3.0,36.1
20240630,600995,1,0,2,0,1G0Y2R,1.0,2.36
20240630,688283,1,1,1,0,1G1Y1R,1.5,16.5
20240630,688655,1,0,2,0,1G0Y2R,1.0,101.81
20240630,301526,0,1,2,0,0G1Y2R,0.5,10.32
20240630,600757,3,0,0,0,3G0Y0R,3.0,20.11
20240630,688087,0,3,0,0,0G3Y0R,1.5,0.27
20240630,002514,0,2,1,0,0G2Y1R,1.0,51.09
20240630,001256,2,1,0,0,2G1Y0R,2.5,62.01
20240630,605136,1,1,0,1,1G1Y0R,1.5,95.4
20240630,300443,0,2,1,0,0G2Y1R,1.0,48.38
20240630,002561,1,1,1,0,1G1Y1R,1.5,22.28
20240630,002690,1,2,0,0,1G2Y0R,2.0,6.51
20240630,603139,1,0,2,0,1G0Y2R,1.0,67.06
20240630,300076,0,1,2,0,0G1Y2R,0.5,101.25
20240630,301511,0,2,1,0,0G2Y1R,1.0,40.24
20240630,600191,1,0,2,0,1G0Y2R,1.0,52.28
20240630,600370,0,1,2,0,0G1Y2R,0.5,45.04
20240630,300677,0,2,1,0,0G2Y1R,1.0,-11.13
20240630,000338,2,1,0,0,2G1Y0R,2.5,-2.64
20240630,300494,0,0,3,0,0G0Y3R,0.0,35.72
20240630,300450,0,3,0,0,0G3Y0R,1.5,52.55
20240630,603383,1,2,0,0,1G2Y0R,2.0,34.91
20240630,603726,1,1,1,0,1G1Y1R,1.5,27.53
20240630,600525,1,1,1,0,1G1Y1R,1.5,-21.13
20240630,000683,1,2,0,0,1G2Y0R,2.0,-26.4
20240630,600845,2,0,1,0,2G0Y1R,2.0,-24.26
20240630,002293,1,2,0,0,1G2Y0R,2.0,15.97
20240630,002039,1,1,0,1,1G1Y0R,1.5,-8.84
20240630,002339,3,0,0,0,3G0Y0R,3.0,31.9
20240630,002255,0,3,0,0,0G3Y0R,1.5,72.19
